Ticker,Entry_Time,Entry_Price,Exit_Time,Exit_Price,PnL_Dollars,Exit_Reason
AAPL,2021-04-16 09:50:00-04:00,130.1,2021-04-16 10:10:00-04:00,130.89,11.52,Take Profit
AAPL,2021-04-20 10:40:00-04:00,130.45,2021-04-20 11:15:00-04:00,129.93,-8.64,Stop Loss
AAPL,2021-04-26 09:50:00-04:00,130.25,2021-04-26 10:10:00-04:00,130.85,8.61,Take Profit
AAPL,2021-04-27 09:45:00-04:00,131.01,2021-04-27 12:45:00-04:00,131.39,5.19,Time Stop
AAPL,2021-06-07 09:45:00-04:00,122.26,2021-06-07 12:45:00-04:00,122.28,-0.33,Time Stop
AAPL,2021-06-10 10:50:00-04:00,123.14,2021-06-10 13:50:00-04:00,123.2,0.32,Time Stop
AAPL,2021-07-12 09:50:00-04:00,140.81,2021-07-12 12:50:00-04:00,141.26,5.82,Time Stop
AAPL,2021-09-10 10:40:00-04:00,150.7,2021-09-10 11:15:00-04:00,150.24,-6.57,Stop Loss
AAPL,2021-09-17 09:45:00-04:00,143.95,2021-09-17 11:30:00-04:00,143.09,-12.45,Stop Loss
AAPL,2021-10-01 09:50:00-04:00,137.23,2021-10-01 10:15:00-04:00,136.49,-11.3,Stop Loss
AAPL,2021-10-04 09:45:00-04:00,137.23,2021-10-04 10:35:00-04:00,136.4,-12.69,Stop Loss
AAPL,2021-10-12 09:45:00-04:00,138.82,2021-10-12 12:05:00-04:00,139.68,11.79,Take Profit
AAPL,2021-11-12 09:45:00-05:00,144.51,2021-11-12 10:00:00-05:00,145.0,6.25,Take Profit
AAPL,2022-02-09 09:45:00-05:00,171.88,2022-02-09 10:30:00-05:00,172.62,8.14,Take Profit
AAPL,2022-02-14 14:00:00-05:00,163.56,2022-02-14 14:50:00-05:00,165.13,18.68,Take Profit
AAPL,2022-02-23 09:50:00-05:00,161.12,2022-02-23 10:40:00-05:00,160.31,-10.51,Stop Loss
AAPL,2022-02-25 09:55:00-05:00,158.01,2022-02-25 10:45:00-05:00,159.86,22.95,Take Profit
AAPL,2022-04-20 09:50:00-04:00,163.53,2022-04-20 10:30:00-04:00,164.84,15.58,Take Profit
AAPL,2022-05-13 14:00:00-04:00,142.5,2022-05-13 14:50:00-04:00,143.96,19.92,Take Profit
AAPL,2022-05-16 09:45:00-04:00,142.15,2022-05-16 10:15:00-04:00,143.45,17.79,Take Profit
AAPL,2022-06-06 11:15:00-04:00,143.47,2022-06-06 14:15:00-04:00,143.8,4.04,Time Stop
AAPL,2022-06-30 09:50:00-04:00,132.58,2022-06-30 10:05:00-04:00,131.42,-18.07,Stop Loss
AAPL,2022-07-28 09:50:00-04:00,152.15,2022-07-28 11:00:00-04:00,153.23,13.64,Take Profit
AAPL,2022-08-16 14:45:00-04:00,169.12,2022-08-16 15:35:00-04:00,169.92,9.04,Take Profit
AAPL,2022-08-24 09:50:00-04:00,163.62,2022-08-24 11:45:00-04:00,164.59,11.4,Take Profit
AAPL,2022-08-26 10:35:00-04:00,164.67,2022-08-26 12:35:00-04:00,163.11,-19.47,Stop Loss
AAPL,2022-09-21 14:00:00-04:00,152.02,2022-09-21 14:35:00-04:00,154.11,26.91,Take Profit
AAPL,2022-09-28 09:45:00-04:00,142.56,2022-09-28 10:20:00-04:00,144.31,24.06,Take Profit
AAPL,2022-10-10 09:45:00-04:00,136.78,2022-10-10 10:25:00-04:00,137.58,11.05,Take Profit
AAPL,2022-10-11 09:55:00-04:00,136.47,2022-10-11 10:40:00-04:00,137.29,11.36,Take Profit
AAPL,2022-10-18 14:40:00-04:00,138.84,2022-10-18 16:00:00-04:00,141.81,42.27,Take Profit
AAPL,2022-11-01 09:45:00-04:00,150.9,2022-11-01 10:00:00-04:00,149.87,-14.2,Stop Loss
AAPL,2022-11-04 09:45:00-04:00,134.87,2022-11-04 10:20:00-04:00,137.84,43.46,Take Profit
AAPL,2022-11-14 09:50:00-05:00,145.2,2022-11-14 10:00:00-05:00,146.07,11.39,Take Profit
AAPL,2022-11-22 09:45:00-05:00,144.85,2022-11-22 10:05:00-05:00,145.69,10.99,Take Profit
AAPL,2023-01-10 10:40:00-05:00,126.22,2023-01-10 12:35:00-05:00,127.66,22.13,Take Profit
AAPL,2023-02-02 14:55:00-05:00,146.71,2023-02-02 15:30:00-05:00,147.59,11.51,Take Profit
AAPL,2023-02-13 14:45:00-05:00,150.65,2023-02-13 15:20:00-05:00,151.32,8.32,Take Profit
AAPL,2023-03-10 09:45:00-05:00,146.96,2023-03-10 10:00:00-05:00,148.27,17.28,Take Profit
AAPL,2023-04-17 09:45:00-04:00,162.18,2023-04-17 12:45:00-04:00,161.98,-2.96,Time Stop
AAPL,2023-04-20 14:30:00-04:00,164.31,2023-04-20 15:05:00-04:00,163.79,-6.84,Stop Loss
AAPL,2023-05-01 14:30:00-04:00,167.0,2023-05-01 16:00:00-04:00,167.16,1.44,EOD Close
AAPL,2023-07-10 09:45:00-04:00,185.98,2023-07-10 09:50:00-04:00,185.24,-8.37,Stop Loss
AAPL,2023-08-17 09:50:00-04:00,173.48,2023-08-17 10:05:00-04:00,172.67,-9.79,Stop Loss
AAPL,2023-09-11 09:45:00-04:00,175.74,2023-09-11 12:45:00-04:00,176.42,7.28,Time Stop
AAPL,2023-10-13 10:50:00-04:00,177.58,2023-10-13 11:50:00-04:00,176.8,-9.27,Stop Loss
AAPL,2023-10-26 10:20:00-04:00,166.31,2023-10-26 11:25:00-04:00,165.14,-14.51,Stop Loss
AAPL,2023-11-27 14:45:00-05:00,187.7,2023-11-27 15:40:00-05:00,188.11,3.89,Take Profit
AAPL,2023-12-06 10:00:00-05:00,190.57,2023-12-06 13:00:00-05:00,190.69,0.84,Time Stop
AAPL,2024-01-12 14:40:00-05:00,183.41,2024-01-12 15:40:00-05:00,183.8,3.86,Take Profit
AAPL,2024-01-30 10:30:00-05:00,187.71,2024-01-30 10:45:00-05:00,186.94,-8.6,Stop Loss
AAPL,2024-03-06 09:45:00-05:00,167.99,2024-03-06 12:45:00-05:00,168.46,5.12,Time Stop
AAPL,2024-03-21 09:55:00-04:00,174.47,2024-03-21 10:10:00-04:00,173.79,-8.3,Stop Loss
AAPL,2024-04-04 14:00:00-04:00,169.12,2024-04-04 14:10:00-04:00,168.63,-6.24,Stop Loss
AAPL,2024-05-23 09:45:00-04:00,188.02,2024-05-23 12:45:00-04:00,187.48,-6.17,Time Stop
AAPL,2024-07-18 09:45:00-04:00,226.21,2024-07-18 10:40:00-04:00,224.62,-14.41,Stop Loss
AAPL,2024-07-25 09:55:00-04:00,213.92,2024-07-25 10:45:00-04:00,215.88,17.92,Take Profit
AAPL,2024-08-19 09:50:00-04:00,222.72,2024-08-19 10:15:00-04:00,221.73,-9.29,Stop Loss
AAPL,2024-08-28 11:10:00-04:00,225.32,2024-08-28 14:10:00-04:00,224.74,-5.5,Time Stop
AAPL,2024-09-10 09:45:00-04:00,215.74,2024-09-10 10:05:00-04:00,217.25,13.62,Take Profit
AAPL,2024-10-04 09:55:00-04:00,223.73,2024-10-04 12:55:00-04:00,223.68,-0.8,Time Stop
AAPL,2024-12-18 14:15:00-05:00,251.17,2024-12-18 14:20:00-05:00,250.4,-6.44,Stop Loss
AAPL,2025-01-14 15:00:00-05:00,231.38,2025-01-14 16:00:00-05:00,232.71,11.16,Take Profit
AAPL,2025-01-24 10:00:00-05:00,222.49,2025-01-24 10:25:00-05:00,221.4,-10.12,Stop Loss
AAPL,2025-01-31 09:45:00-05:00,241.86,2025-01-31 10:25:00-05:00,239.49,-19.97,Stop Loss
AAPL,2025-02-21 14:35:00-05:00,244.95,2025-02-21 16:00:00-05:00,244.53,-3.76,EOD Close
AAPL,2025-04-02 14:15:00-04:00,222.2,2025-04-02 15:40:00-04:00,223.27,9.23,Take Profit
AAPL,2025-06-13 09:45:00-04:00,196.78,2025-06-13 10:10:00-04:00,195.44,-13.98,Stop Loss
AAPL,2025-07-23 09:45:00-04:00,212.0,2025-07-23 12:45:00-04:00,212.84,7.55,Time Stop
AAPL,2025-07-29 09:45:00-04:00,212.25,2025-07-29 09:50:00-04:00,211.52,-7.27,Stop Loss
AAPL,2025-09-09 14:10:00-04:00,234.61,2025-09-09 14:15:00-04:00,233.49,-9.92,Stop Loss
AAPL,2025-09-24 09:45:00-04:00,252.0,2025-09-24 12:45:00-04:00,251.12,-7.3,Time Stop
AAPL,2025-10-10 11:00:00-04:00,251.15,2025-10-10 11:20:00-04:00,248.92,-18.04,Stop Loss
AAPL,2025-12-17 11:10:00-05:00,273.59,2025-12-17 11:30:00-05:00,272.71,-6.7,Stop Loss
AAPL,2026-01-22 14:55:00-05:00,248.64,2026-01-22 16:00:00-05:00,248.02,-5.31,EOD Close
AAPL,2026-02-25 14:55:00-05:00,273.29,2026-02-25 15:35:00-05:00,274.18,6.25,Take Profit
AAPL,2026-02-26 10:10:00-05:00,272.56,2026-02-26 10:20:00-05:00,271.39,-8.91,Stop Loss
AAPL,2026-03-25 09:45:00-04:00,252.44,2026-03-25 11:10:00-04:00,253.72,9.85,Take Profit
AVGO,2021-06-01 10:45:00-04:00,42.44,2021-06-01 13:45:00-04:00,42.48,-0.0,Time Stop
AVGO,2021-06-10 10:50:00-04:00,41.66,2021-06-10 12:50:00-04:00,42.02,15.52,Take Profit
AVGO,2021-07-01 09:50:00-04:00,42.97,2021-07-01 12:50:00-04:00,42.87,-6.52,Time Stop
AVGO,2021-08-18 09:45:00-04:00,43.22,2021-08-18 11:00:00-04:00,42.99,-12.26,Stop Loss
AVGO,2021-08-26 15:00:00-04:00,44.15,2021-08-26 15:25:00-04:00,44.29,4.7,Take Profit
AVGO,2021-09-01 14:30:00-04:00,44.98,2021-09-01 16:00:00-04:00,44.97,-2.22,EOD Close
AVGO,2021-09-02 09:50:00-04:00,44.9,2021-09-02 10:10:00-04:00,44.77,-7.62,Stop Loss
AVGO,2021-09-17 09:45:00-04:00,45.78,2021-09-17 12:45:00-04:00,45.91,3.93,Time Stop
AVGO,2021-11-24 09:45:00-05:00,50.34,2021-11-24 11:20:00-05:00,50.76,15.11,Take Profit
AVGO,2022-01-05 09:45:00-05:00,60.94,2022-01-05 12:45:00-05:00,60.48,-16.41,Time Stop
AVGO,2022-01-13 10:30:00-05:00,57.27,2022-01-13 11:00:00-05:00,56.95,-12.42,Stop Loss
AVGO,2022-02-14 14:00:00-05:00,52.81,2022-02-14 14:50:00-05:00,53.41,21.29,Take Profit
AVGO,2022-03-21 09:45:00-04:00,55.6,2022-03-21 12:45:00-04:00,55.42,-7.91,Time Stop
AVGO,2022-03-30 14:55:00-04:00,58.88,2022-03-30 15:20:00-04:00,58.6,-10.99,Stop Loss
AVGO,2022-04-05 09:45:00-04:00,58.26,2022-04-05 10:05:00-04:00,57.82,-16.35,Stop Loss
AVGO,2022-05-13 14:00:00-04:00,54.02,2022-05-13 14:50:00-04:00,54.42,13.5,Take Profit
AVGO,2022-05-16 09:45:00-04:00,53.87,2022-05-16 10:25:00-04:00,54.49,21.41,Take Profit
AVGO,2022-08-02 09:50:00-04:00,49.69,2022-08-02 10:50:00-04:00,50.1,15.07,Take Profit
AVGO,2022-08-16 09:45:00-04:00,51.64,2022-08-16 12:45:00-04:00,51.71,1.16,Time Stop
AVGO,2022-09-15 10:50:00-04:00,47.11,2022-09-15 11:55:00-04:00,46.74,-17.28,Stop Loss
AVGO,2022-10-11 14:50:00-04:00,40.61,2022-10-11 15:15:00-04:00,40.31,-16.88,Stop Loss
AVGO,2022-10-18 14:40:00-04:00,40.86,2022-10-18 16:00:00-04:00,41.15,12.24,EOD Close
AVGO,2022-10-31 09:45:00-04:00,44.13,2022-10-31 11:25:00-04:00,44.55,17.01,Take Profit
AVGO,2022-11-29 11:15:00-05:00,48.92,2022-11-29 14:00:00-05:00,49.4,18.17,Take Profit
AVGO,2022-12-05 09:55:00-05:00,50.64,2022-12-05 11:10:00-05:00,50.95,10.62,Take Profit
AVGO,2023-01-23 14:45:00-05:00,55.01,2023-01-23 15:50:00-05:00,55.42,13.36,Take Profit
AVGO,2023-02-02 14:50:00-05:00,57.79,2023-02-02 15:45:00-05:00,57.53,-10.29,Stop Loss
AVGO,2023-04-20 14:40:00-04:00,61.04,2023-04-20 15:20:00-04:00,60.7,-12.49,Stop Loss
AVGO,2023-05-08 09:45:00-04:00,59.72,2023-05-08 11:05:00-04:00,60.32,18.79,Take Profit
AVGO,2023-05-11 10:00:00-04:00,59.66,2023-05-11 12:40:00-04:00,60.03,10.9,Take Profit
AVGO,2023-06-13 09:45:00-04:00,81.15,2023-06-13 11:15:00-04:00,82.45,31.01,Take Profit
AVGO,2023-07-13 10:25:00-04:00,85.05,2023-07-13 13:00:00-04:00,86.02,21.91,Take Profit
AVGO,2023-08-24 09:45:00-04:00,85.23,2023-08-24 10:40:00-04:00,84.04,-28.9,Stop Loss
AVGO,2023-09-18 14:50:00-04:00,81.78,2023-09-18 16:00:00-04:00,82.13,7.58,EOD Close
AVGO,2023-10-13 11:00:00-04:00,86.89,2023-10-13 13:25:00-04:00,86.07,-19.72,Stop Loss
AVGO,2023-11-22 14:35:00-05:00,94.56,2023-11-22 16:00:00-05:00,94.54,-1.27,EOD Close
AVGO,2024-01-24 14:20:00-05:00,122.37,2024-01-24 16:00:00-05:00,122.39,-0.33,EOD Close
AVGO,2024-02-12 09:45:00-05:00,124.01,2024-02-12 10:55:00-05:00,125.24,19.16,Take Profit
AVGO,2024-02-15 09:50:00-05:00,121.57,2024-02-15 10:50:00-05:00,123.61,32.96,Take Profit
AVGO,2024-03-21 14:05:00-04:00,133.39,2024-03-21 16:00:00-04:00,132.06,-20.49,Stop Loss
AVGO,2024-04-09 10:30:00-04:00,129.45,2024-04-09 13:30:00-04:00,129.85,5.56,Time Stop
AVGO,2024-05-28 09:45:00-04:00,136.91,2024-05-28 10:55:00-04:00,138.1,16.85,Take Profit
AVGO,2024-06-11 09:45:00-04:00,139.05,2024-06-11 10:25:00-04:00,140.57,21.22,Take Profit
AVGO,2024-07-11 09:45:00-04:00,170.41,2024-07-11 09:50:00-04:00,168.93,-17.82,Stop Loss
AVGO,2024-08-19 09:50:00-04:00,159.47,2024-08-19 10:15:00-04:00,157.8,-21.45,Stop Loss
AVGO,2024-09-06 09:50:00-04:00,135.57,2024-09-06 12:50:00-04:00,135.43,-2.66,Time Stop
AVGO,2024-09-23 09:45:00-04:00,167.7,2024-09-23 10:00:00-04:00,166.73,-12.01,Stop Loss
AVGO,2024-09-26 10:50:00-04:00,174.11,2024-09-26 13:50:00-04:00,174.77,7.12,Time Stop
AVGO,2024-09-27 09:55:00-04:00,171.91,2024-09-27 11:15:00-04:00,169.97,-23.04,Stop Loss
AVGO,2025-01-03 10:20:00-05:00,227.06,2025-01-03 11:25:00-05:00,230.27,27.94,Take Profit
AVGO,2025-01-14 14:55:00-05:00,221.82,2025-01-14 15:40:00-05:00,220.66,-10.83,Stop Loss
AVGO,2025-02-20 10:05:00-05:00,222.65,2025-02-20 10:55:00-05:00,221.18,-13.57,Stop Loss
AVGO,2025-02-24 09:50:00-05:00,212.98,2025-02-24 10:00:00-05:00,210.66,-22.2,Stop Loss
AVGO,2025-02-25 09:50:00-05:00,201.54,2025-02-25 11:30:00-05:00,198.76,-27.94,Stop Loss
AVGO,2025-03-04 10:15:00-05:00,179.2,2025-03-04 11:55:00-05:00,183.44,46.82,Take Profit
AVGO,2025-03-14 10:05:00-04:00,191.46,2025-03-14 10:45:00-04:00,193.33,19.15,Take Profit
AVGO,2025-03-25 09:45:00-04:00,187.55,2025-03-25 10:05:00-04:00,189.02,15.27,Take Profit
AVGO,2025-04-14 09:45:00-04:00,178.49,2025-04-14 11:45:00-04:00,175.19,-37.46,Stop Loss
AVGO,2025-05-07 14:05:00-04:00,198.1,2025-05-07 14:55:00-04:00,200.52,24.04,Take Profit
AVGO,2025-07-08 14:30:00-04:00,271.43,2025-07-08 15:35:00-04:00,270.42,-7.76,Stop Loss
AVGO,2025-07-10 09:55:00-04:00,274.08,2025-07-10 10:05:00-04:00,271.68,-17.84,Stop Loss
AVGO,2025-07-16 09:50:00-04:00,275.03,2025-07-16 10:10:00-04:00,277.73,19.33,Take Profit
AVGO,2025-08-01 09:45:00-04:00,280.18,2025-08-01 10:00:00-04:00,284.14,28.01,Take Profit
AVGO,2025-08-13 09:55:00-04:00,311.55,2025-08-13 10:10:00-04:00,310.11,-9.51,Stop Loss
AVGO,2025-08-20 09:45:00-04:00,284.26,2025-08-20 12:45:00-04:00,287.45,22.16,Time Stop
AVGO,2025-09-26 10:30:00-04:00,329.63,2025-09-26 13:25:00-04:00,333.64,24.08,Take Profit
AVGO,2025-10-02 09:45:00-04:00,334.88,2025-10-02 10:35:00-04:00,341.05,36.6,Take Profit
AVGO,2025-10-31 09:50:00-04:00,371.81,2025-10-31 12:05:00-04:00,368.89,-15.94,Stop Loss
AVGO,2025-11-18 10:00:00-05:00,334.85,2025-11-18 11:15:00-05:00,340.34,32.53,Take Profit
AVGO,2025-11-25 09:45:00-05:00,372.19,2025-11-25 12:45:00-05:00,381.05,47.4,Time Stop
AVGO,2025-12-11 09:45:00-05:00,397.11,2025-12-11 12:45:00-05:00,402.7,27.95,Time Stop
AVGO,2025-12-31 09:45:00-05:00,345.14,2025-12-31 12:45:00-05:00,346.99,10.49,Time Stop
AVGO,2026-01-08 09:45:00-05:00,334.15,2026-01-08 12:45:00-05:00,331.15,-18.2,Time Stop
AVGO,2026-01-22 09:45:00-05:00,330.41,2026-01-22 10:10:00-05:00,328.23,-13.41,Stop Loss
AVGO,2026-02-02 14:55:00-05:00,330.16,2026-02-02 15:55:00-05:00,332.3,12.71,Take Profit
AVGO,2026-02-11 10:15:00-05:00,334.9,2026-02-11 12:25:00-05:00,341.12,36.91,Take Profit
AVGO,2026-03-20 10:10:00-04:00,314.24,2026-03-20 12:05:00-04:00,317.3,19.25,Take Profit
AVGO,2026-03-30 09:50:00-04:00,297.07,2026-03-30 10:40:00-04:00,293.8,-22.32,Stop Loss
JPM,2021-06-07 09:55:00-04:00,146.16,2021-06-07 10:45:00-04:00,145.61,-8.1,Stop Loss
JPM,2021-06-17 09:45:00-04:00,136.44,2021-06-17 11:00:00-04:00,135.2,-18.74,Stop Loss
JPM,2021-07-16 10:00:00-04:00,136.78,2021-07-16 10:40:00-04:00,135.98,-12.29,Stop Loss
JPM,2021-09-01 09:45:00-04:00,141.05,2021-09-01 10:30:00-04:00,142.03,13.32,Take Profit
JPM,2021-11-26 09:45:00-05:00,141.72,2021-11-26 10:45:00-05:00,143.47,24.09,Take Profit
JPM,2021-11-29 10:00:00-05:00,143.48,2021-11-29 13:00:00-05:00,144.26,10.32,Time Stop
JPM,2021-12-08 09:45:00-05:00,143.97,2021-12-08 09:50:00-05:00,145.0,13.69,Take Profit
JPM,2022-01-10 09:50:00-05:00,149.13,2022-01-10 12:50:00-05:00,149.32,2.01,Time Stop
JPM,2022-01-19 09:45:00-05:00,134.01,2022-01-19 12:45:00-05:00,133.83,-3.28,Time Stop
JPM,2022-02-14 14:00:00-05:00,136.02,2022-02-14 15:45:00-05:00,136.99,13.74,Take Profit
JPM,2022-03-03 10:50:00-05:00,123.72,2022-03-03 13:50:00-05:00,124.31,8.89,Time Stop
JPM,2022-03-07 09:45:00-05:00,116.18,2022-03-07 12:45:00-05:00,116.61,6.71,Time Stop
JPM,2022-04-01 09:45:00-04:00,121.76,2022-04-01 10:15:00-04:00,120.91,-14.6,Stop Loss
JPM,2022-05-10 10:15:00-04:00,109.76,2022-05-10 10:30:00-04:00,108.99,-14.82,Stop Loss
JPM,2022-06-06 11:15:00-04:00,117.78,2022-06-06 14:15:00-04:00,117.67,-2.55,Time Stop
JPM,2022-06-13 10:50:00-04:00,104.79,2022-06-13 11:35:00-04:00,105.59,14.58,Take Profit
JPM,2022-07-11 14:55:00-04:00,102.73,2022-07-11 15:05:00-04:00,102.41,-7.03,Stop Loss
JPM,2022-08-12 10:00:00-04:00,109.04,2022-08-12 10:45:00-04:00,109.69,11.15,Take Profit
JPM,2022-09-06 09:45:00-04:00,102.96,2022-09-06 12:45:00-04:00,103.13,2.53,Time Stop
JPM,2022-09-13 14:45:00-04:00,106.61,2022-09-13 15:10:00-04:00,106.21,-8.18,Stop Loss
JPM,2022-09-14 10:25:00-04:00,105.07,2022-09-14 10:50:00-04:00,106.22,21.22,Take Profit
JPM,2022-09-27 10:05:00-04:00,97.11,2022-09-27 11:50:00-04:00,96.39,-15.63,Stop Loss
JPM,2022-10-11 14:50:00-04:00,94.65,2022-10-11 15:05:00-04:00,93.98,-15.05,Stop Loss
JPM,2022-12-14 14:05:00-05:00,123.37,2022-12-14 14:35:00-05:00,122.69,-11.64,Stop Loss
JPM,2023-03-30 10:00:00-04:00,119.31,2023-03-30 10:50:00-04:00,120.12,12.94,Take Profit
JPM,2023-04-04 09:45:00-04:00,119.34,2023-04-04 11:15:00-04:00,118.49,-14.99,Stop Loss
JPM,2023-05-12 09:45:00-04:00,126.07,2023-05-12 12:20:00-04:00,125.13,-15.57,Stop Loss
JPM,2023-07-25 14:45:00-04:00,147.15,2023-07-25 16:00:00-04:00,147.44,3.4,EOD Close
JPM,2023-08-04 14:00:00-04:00,147.31,2023-08-04 14:20:00-04:00,146.85,-6.78,Stop Loss
JPM,2023-08-30 10:20:00-04:00,138.9,2023-08-30 13:20:00-04:00,139.3,5.18,Time Stop
JPM,2023-10-16 09:45:00-04:00,139.67,2023-10-16 10:20:00-04:00,140.91,17.12,Take Profit
JPM,2023-12-12 14:05:00-05:00,151.27,2023-12-12 15:00:00-05:00,151.67,4.81,Take Profit
JPM,2023-12-20 14:00:00-05:00,159.36,2023-12-20 14:45:00-05:00,158.97,-5.41,Stop Loss
JPM,2023-12-22 14:25:00-05:00,158.46,2023-12-22 16:00:00-05:00,158.54,0.5,EOD Close
JPM,2024-03-04 14:20:00-05:00,177.51,2024-03-04 14:40:00-05:00,178.22,7.52,Take Profit
JPM,2024-03-06 09:45:00-05:00,178.97,2024-03-06 10:05:00-05:00,180.13,12.5,Take Profit
JPM,2024-03-14 09:50:00-04:00,180.88,2024-03-14 11:25:00-04:00,179.8,-12.39,Stop Loss
JPM,2024-04-16 09:45:00-04:00,173.35,2024-04-16 12:45:00-04:00,173.03,-4.15,Time Stop
JPM,2024-05-13 10:50:00-04:00,189.83,2024-05-13 11:25:00-04:00,190.66,8.28,Take Profit
JPM,2024-06-12 10:00:00-04:00,185.08,2024-06-12 13:00:00-04:00,184.97,-1.62,Time Stop
JPM,2024-08-29 09:45:00-04:00,211.3,2024-08-29 10:20:00-04:00,213.29,18.43,Take Profit
JPM,2024-09-05 11:10:00-04:00,209.23,2024-09-05 14:10:00-04:00,210.29,9.75,Time Stop
JPM,2024-09-12 09:45:00-04:00,198.0,2024-09-12 12:45:00-04:00,198.75,7.17,Time Stop
JPM,2024-09-12 14:05:00-04:00,198.05,2024-09-12 14:20:00-04:00,198.97,8.91,Take Profit
JPM,2024-09-18 09:45:00-04:00,200.1,2024-09-18 12:45:00-04:00,200.46,3.2,Time Stop
JPM,2024-09-19 09:45:00-04:00,200.29,2024-09-19 09:55:00-04:00,201.82,14.89,Take Profit
JPM,2024-09-25 09:55:00-04:00,203.04,2024-09-25 10:15:00-04:00,202.43,-6.38,Stop Loss
JPM,2025-02-10 09:45:00-05:00,266.06,2025-02-10 11:15:00-05:00,263.93,-16.29,Stop Loss
JPM,2025-02-24 09:55:00-05:00,254.36,2025-02-24 12:55:00-05:00,255.25,6.68,Time Stop
JPM,2025-03-13 09:45:00-04:00,219.11,2025-03-13 10:15:00-04:00,222.0,25.98,Take Profit
JPM,2025-05-07 14:05:00-04:00,245.15,2025-05-07 16:00:00-04:00,244.67,-4.24,EOD Close
JPM,2025-05-19 11:10:00-04:00,258.27,2025-05-19 13:05:00-04:00,261.47,24.45,Take Profit
JPM,2025-07-30 14:55:00-04:00,293.98,2025-07-30 15:55:00-04:00,295.16,7.73,Take Profit
JPM,2025-08-15 09:50:00-04:00,288.41,2025-08-15 10:10:00-04:00,287.21,-8.58,Stop Loss
JPM,2025-09-29 09:50:00-04:00,311.38,2025-09-29 10:00:00-04:00,310.53,-5.7,Stop Loss
JPM,2025-10-06 10:00:00-04:00,303.82,2025-10-06 10:35:00-04:00,306.59,17.94,Take Profit
JPM,2025-10-08 09:45:00-04:00,302.09,2025-10-08 10:35:00-04:00,304.43,15.23,Take Profit
JPM,2025-11-21 09:45:00-05:00,292.41,2025-11-21 12:45:00-05:00,294.84,16.35,Time Stop
JPM,2025-11-25 09:45:00-05:00,292.96,2025-11-25 09:55:00-05:00,295.89,19.71,Take Profit
JPM,2026-02-10 11:15:00-05:00,319.47,2026-02-10 13:20:00-05:00,317.06,-15.33,Stop Loss
JPM,2026-03-04 09:45:00-05:00,294.7,2026-03-04 12:45:00-05:00,296.39,11.2,Time Stop
AXP,2022-02-14 14:00:00-05:00,181.49,2022-02-14 16:00:00-05:00,182.38,9.37,EOD Close
AXP,2022-03-31 14:05:00-04:00,179.11,2022-03-31 15:00:00-04:00,179.79,7.15,Take Profit
AXP,2022-05-16 09:45:00-04:00,147.56,2022-05-16 12:45:00-04:00,148.38,10.57,Time Stop
AXP,2022-06-09 14:20:00-04:00,155.36,2022-06-09 14:45:00-04:00,154.7,-8.99,Stop Loss
AXP,2022-07-12 15:00:00-04:00,133.76,2022-07-12 15:35:00-04:00,133.05,-11.27,Stop Loss
AXP,2022-08-11 14:50:00-04:00,154.79,2022-08-11 15:30:00-04:00,155.54,9.22,Take Profit
AXP,2022-08-16 14:45:00-04:00,156.9,2022-08-16 15:30:00-04:00,157.83,11.32,Take Profit
AXP,2022-09-21 14:00:00-04:00,144.47,2022-09-21 14:40:00-04:00,146.23,23.84,Take Profit
AXP,2022-10-11 14:50:00-04:00,130.85,2022-10-11 15:15:00-04:00,129.91,-14.95,Stop Loss
AXP,2022-10-31 09:45:00-04:00,142.49,2022-10-31 10:15:00-04:00,143.77,17.4,Take Profit
AXP,2022-11-08 14:25:00-05:00,142.68,2022-11-08 14:40:00-05:00,143.67,13.36,Take Profit
AXP,2022-11-30 09:50:00-05:00,145.83,2022-11-30 12:50:00-05:00,146.49,8.5,Time Stop
AXP,2022-12-01 10:15:00-05:00,148.84,2022-12-01 12:30:00-05:00,150.78,25.47,Take Profit
AXP,2022-12-14 14:00:00-05:00,150.06,2022-12-14 14:05:00-05:00,149.23,-11.64,Stop Loss
AXP,2023-02-22 14:55:00-05:00,167.34,2023-02-22 16:00:00-05:00,167.95,6.81,EOD Close
AXP,2023-04-03 10:50:00-04:00,156.93,2023-04-03 13:50:00-04:00,157.0,0.38,Time Stop
AXP,2023-06-16 09:45:00-04:00,166.0,2023-06-16 12:30:00-04:00,167.32,15.41,Take Profit
AXP,2023-07-19 11:05:00-04:00,171.54,2023-07-19 12:30:00-04:00,170.87,-8.29,Stop Loss
AXP,2023-08-04 14:10:00-04:00,161.55,2023-08-04 14:20:00-04:00,161.01,-7.15,Stop Loss
AXP,2023-08-04 14:25:00-04:00,160.91,2023-08-04 15:05:00-04:00,160.09,-10.72,Stop Loss
AXP,2023-08-14 09:45:00-04:00,158.75,2023-08-14 10:25:00-04:00,159.71,11.63,Take Profit
AXP,2023-12-20 14:45:00-05:00,178.55,2023-12-20 14:50:00-05:00,177.86,-8.22,Stop Loss
AXP,2024-04-11 10:10:00-04:00,210.44,2024-04-11 10:55:00-04:00,212.09,15.34,Take Profit
AXP,2024-04-22 09:45:00-04:00,224.23,2024-04-22 12:10:00-04:00,226.72,21.85,Take Profit
AXP,2024-06-03 10:45:00-04:00,231.11,2024-06-03 12:20:00-04:00,229.31,-15.96,Stop Loss
AXP,2024-06-20 10:40:00-04:00,222.04,2024-06-20 11:50:00-04:00,223.43,12.12,Take Profit
AXP,2024-08-29 14:35:00-04:00,253.84,2024-08-29 16:00:00-04:00,255.0,8.82,EOD Close
AXP,2024-09-06 10:20:00-04:00,243.91,2024-09-06 10:55:00-04:00,241.94,-16.5,Stop Loss
AXP,2024-09-30 14:15:00-04:00,263.56,2024-09-30 15:15:00-04:00,264.79,9.05,Take Profit
AXP,2024-10-01 10:05:00-04:00,262.22,2024-10-01 11:30:00-04:00,264.74,18.88,Take Profit
AXP,2024-10-03 09:45:00-04:00,263.01,2024-10-03 10:00:00-04:00,264.97,14.59,Take Profit
AXP,2024-12-09 10:20:00-05:00,296.08,2024-12-09 10:45:00-05:00,294.21,-12.92,Stop Loss
AXP,2025-01-07 10:05:00-05:00,293.6,2025-01-07 10:55:00-05:00,297.08,23.45,Take Profit
AXP,2025-01-28 09:45:00-05:00,306.73,2025-01-28 10:35:00-05:00,310.55,24.66,Take Profit
AXP,2025-02-18 14:05:00-05:00,306.13,2025-02-18 14:15:00-05:00,305.01,-7.61,Stop Loss
AXP,2025-02-19 09:50:00-05:00,305.27,2025-02-19 10:35:00-05:00,303.77,-10.08,Stop Loss
AXP,2025-03-18 09:45:00-04:00,258.05,2025-03-18 12:45:00-04:00,258.26,1.32,Time Stop
AXP,2025-04-29 10:20:00-04:00,260.02,2025-04-29 10:35:00-04:00,261.46,10.81,Take Profit
AXP,2025-05-07 14:05:00-04:00,271.6,2025-05-07 15:40:00-04:00,274.0,17.35,Take Profit
AXP,2025-05-20 14:25:00-04:00,291.96,2025-05-20 15:55:00-04:00,293.1,7.51,Take Profit
AXP,2025-06-02 09:45:00-04:00,288.23,2025-06-02 11:45:00-04:00,290.7,16.89,Take Profit
AXP,2025-06-11 14:15:00-04:00,297.01,2025-06-11 15:45:00-04:00,295.56,-10.03,Stop Loss
AXP,2025-06-27 14:10:00-04:00,313.28,2025-06-27 16:00:00-04:00,313.89,3.64,EOD Close
AXP,2025-07-21 09:50:00-04:00,303.35,2025-07-21 11:45:00-04:00,305.35,12.94,Take Profit
AXP,2025-07-30 14:45:00-04:00,302.47,2025-07-30 14:55:00-04:00,301.52,-6.55,Stop Loss
AXP,2025-09-03 10:00:00-04:00,324.89,2025-09-03 10:10:00-04:00,322.92,-12.4,Stop Loss
AXP,2025-09-05 10:30:00-04:00,325.61,2025-09-05 10:45:00-04:00,323.86,-10.98,Stop Loss
AXP,2025-09-30 10:05:00-04:00,333.0,2025-09-30 12:45:00-04:00,329.1,-23.68,Stop Loss
AXP,2025-10-08 09:50:00-04:00,321.73,2025-10-08 10:10:00-04:00,324.45,16.63,Take Profit
AXP,2025-11-10 09:55:00-05:00,362.75,2025-11-10 12:55:00-05:00,365.75,16.32,Time Stop
AXP,2025-12-17 10:55:00-05:00,376.34,2025-12-17 13:55:00-05:00,374.95,-7.6,Time Stop
AXP,2026-01-12 10:15:00-05:00,354.99,2026-01-12 10:55:00-05:00,358.37,18.81,Take Profit
AXP,2026-02-11 10:15:00-05:00,356.11,2026-02-11 13:15:00-05:00,354.31,-10.33,Time Stop
AXP,2026-02-12 10:45:00-05:00,351.21,2026-02-12 10:55:00-05:00,348.56,-15.33,Stop Loss
AXP,2026-02-12 11:00:00-05:00,346.31,2026-02-12 12:25:00-05:00,341.02,-30.78,Stop Loss
AXP,2026-04-01 09:45:00-04:00,299.53,2026-04-01 10:50:00-04:00,303.25,24.54,Take Profit
V,2021-06-18 14:55:00-04:00,222.52,2021-06-18 15:20:00-04:00,223.34,7.04,Take Profit
V,2021-08-03 09:50:00-04:00,229.12,2021-08-03 10:45:00-04:00,227.25,-16.69,Stop Loss
V,2021-08-11 09:55:00-04:00,227.59,2021-08-11 12:55:00-04:00,227.1,-4.66,Time Stop
V,2021-11-11 09:45:00-05:00,204.62,2021-11-11 12:45:00-05:00,204.58,-0.78,Time Stop
V,2021-11-29 09:45:00-05:00,190.53,2021-11-29 12:45:00-05:00,191.76,12.49,Time Stop
V,2021-12-16 14:50:00-05:00,205.97,2021-12-16 15:05:00-05:00,206.95,9.08,Take Profit
V,2022-01-11 09:50:00-05:00,202.71,2022-01-11 10:15:00-05:00,204.65,18.74,Take Profit
V,2022-02-14 14:00:00-05:00,217.15,2022-02-14 16:00:00-05:00,218.53,12.34,EOD Close
V,2022-02-17 09:50:00-05:00,219.91,2022-02-17 12:50:00-05:00,218.59,-12.37,Time Stop
V,2022-03-03 15:00:00-05:00,201.23,2022-03-03 16:00:00-05:00,200.97,-2.98,EOD Close
V,2022-08-11 14:50:00-04:00,205.73,2022-08-11 16:00:00-04:00,205.59,-1.75,EOD Close
V,2022-08-19 15:00:00-04:00,206.85,2022-08-19 15:10:00-04:00,207.49,5.83,Take Profit
V,2022-09-13 15:00:00-04:00,195.85,2022-09-13 15:10:00-04:00,195.22,-6.88,Stop Loss
V,2022-10-11 14:55:00-04:00,174.44,2022-10-11 16:00:00-04:00,174.37,-1.26,EOD Close
V,2022-12-07 09:45:00-05:00,201.4,2022-12-07 12:45:00-05:00,202.29,8.44,Time Stop
V,2022-12-14 14:05:00-05:00,208.17,2022-12-14 14:30:00-05:00,206.82,-13.37,Stop Loss
V,2023-01-09 14:05:00-05:00,214.74,2023-01-09 15:10:00-05:00,213.94,-7.8,Stop Loss
V,2023-04-12 14:30:00-04:00,222.92,2023-04-12 15:45:00-04:00,222.23,-6.52,Stop Loss
V,2023-05-11 09:45:00-04:00,223.74,2023-05-11 11:25:00-04:00,225.4,14.47,Take Profit
V,2023-06-05 14:30:00-04:00,222.06,2023-06-05 16:00:00-04:00,222.11,0.09,EOD Close
V,2023-06-08 09:45:00-04:00,218.38,2023-06-08 10:45:00-04:00,219.91,13.66,Take Profit
V,2023-08-04 14:20:00-04:00,235.14,2023-08-04 15:50:00-04:00,234.21,-8.24,Stop Loss
V,2024-02-12 14:15:00-05:00,270.89,2024-02-12 16:00:00-05:00,271.01,0.59,EOD Close
V,2024-04-04 14:05:00-04:00,273.17,2024-04-04 14:25:00-04:00,272.45,-5.58,Stop Loss
V,2024-07-23 09:50:00-04:00,262.26,2024-07-23 12:20:00-04:00,261.28,-7.78,Stop Loss
V,2024-09-19 10:40:00-04:00,280.63,2024-09-19 13:40:00-04:00,283.2,18.03,Time Stop
V,2024-09-20 14:05:00-04:00,280.88,2024-09-20 15:35:00-04:00,281.93,7.16,Take Profit
V,2024-10-29 14:50:00-04:00,279.06,2024-10-29 16:00:00-04:00,279.9,5.73,EOD Close
V,2024-12-03 09:45:00-05:00,310.31,2024-12-03 12:45:00-05:00,311.88,9.86,Time Stop
V,2025-03-25 09:45:00-04:00,339.29,2025-03-25 10:35:00-04:00,341.36,11.95,Take Profit
V,2025-05-07 14:05:00-04:00,345.05,2025-05-07 14:35:00-04:00,347.13,11.83,Take Profit
V,2025-06-11 14:10:00-04:00,370.77,2025-06-11 15:30:00-04:00,369.62,-6.42,Stop Loss
V,2025-06-13 14:25:00-04:00,347.93,2025-06-13 15:10:00-04:00,349.94,11.31,Take Profit
V,2025-06-20 09:55:00-04:00,335.53,2025-06-20 12:55:00-04:00,337.36,10.67,Time Stop
V,2025-08-07 10:15:00-04:00,336.45,2025-08-07 11:00:00-04:00,334.79,-10.08,Stop Loss
V,2025-08-28 14:05:00-04:00,348.41,2025-08-28 14:10:00-04:00,347.88,-3.28,Stop Loss
V,2025-08-28 14:15:00-04:00,347.84,2025-08-28 15:45:00-04:00,348.88,5.75,Take Profit
V,2025-11-12 14:50:00-05:00,339.3,2025-11-12 16:00:00-05:00,338.19,-6.78,EOD Close
V,2025-12-08 09:45:00-05:00,327.67,2025-12-08 11:15:00-05:00,325.13,-15.73,Stop Loss
V,2025-12-31 15:00:00-05:00,350.97,2025-12-31 15:45:00-05:00,350.41,-3.4,Stop Loss
V,2026-01-29 09:45:00-05:00,324.02,2026-01-29 11:30:00-05:00,328.11,25.0,Take Profit
V,2026-04-01 14:20:00-04:00,298.08,2026-04-01 16:00:00-04:00,298.71,3.96,EOD Close
CAT,2021-04-29 09:45:00-04:00,209.07,2021-04-29 10:35:00-04:00,205.07,-38.63,Stop Loss
CAT,2021-05-05 10:00:00-04:00,212.94,2021-05-05 10:50:00-04:00,214.15,10.95,Take Profit
CAT,2021-06-07 09:50:00-04:00,222.29,2021-06-07 10:00:00-04:00,221.58,-6.77,Stop Loss
CAT,2021-07-16 10:20:00-04:00,192.07,2021-07-16 13:20:00-04:00,191.99,-1.25,Time Stop
CAT,2021-07-28 10:10:00-04:00,191.74,2021-07-28 10:55:00-04:00,193.05,13.2,Take Profit
CAT,2021-08-13 09:50:00-04:00,201.2,2021-08-13 10:55:00-04:00,202.54,12.9,Take Profit
CAT,2021-09-03 14:40:00-04:00,194.41,2021-09-03 15:25:00-04:00,194.03,-4.29,Stop Loss
CAT,2021-11-08 09:55:00-05:00,196.15,2021-11-08 12:55:00-05:00,196.59,4.08,Time Stop
CAT,2021-11-15 10:00:00-05:00,192.48,2021-11-15 13:00:00-05:00,192.45,-0.73,Time Stop
CAT,2021-11-18 10:10:00-05:00,186.25,2021-11-18 13:10:00-05:00,186.85,6.01,Time Stop
CAT,2021-11-29 09:45:00-05:00,182.34,2021-11-29 10:25:00-05:00,180.32,-22.61,Stop Loss
CAT,2021-12-15 09:45:00-05:00,184.68,2021-12-15 12:45:00-05:00,185.67,10.29,Time Stop
CAT,2022-01-19 09:45:00-05:00,210.04,2022-01-19 10:20:00-05:00,207.56,-24.0,Stop Loss
CAT,2022-01-28 14:30:00-05:00,183.46,2022-01-28 15:35:00-05:00,185.73,24.35,Take Profit
CAT,2022-02-08 14:35:00-05:00,186.51,2022-02-08 15:30:00-05:00,187.41,9.23,Take Profit
CAT,2022-02-14 14:00:00-05:00,184.71,2022-02-14 15:10:00-05:00,185.95,12.98,Take Profit
CAT,2022-03-15 09:45:00-04:00,197.03,2022-03-15 10:40:00-04:00,199.52,24.85,Take Profit
CAT,2022-05-03 14:15:00-04:00,198.29,2022-05-03 14:55:00-04:00,200.06,17.42,Take Profit
CAT,2022-06-09 15:00:00-04:00,210.65,2022-06-09 15:45:00-04:00,209.6,-10.38,Stop Loss
CAT,2022-06-17 10:30:00-04:00,179.29,2022-06-17 13:30:00-04:00,181.19,20.75,Time Stop
CAT,2022-08-09 14:20:00-04:00,175.33,2022-08-09 15:05:00-04:00,174.65,-8.21,Stop Loss
CAT,2022-12-14 14:05:00-05:00,222.25,2022-12-14 15:10:00-05:00,224.48,19.73,Take Profit
CAT,2022-12-28 09:55:00-05:00,228.81,2022-12-28 10:30:00-05:00,227.7,-10.01,Stop Loss
CAT,2023-01-11 10:20:00-05:00,235.54,2023-01-11 11:00:00-05:00,234.34,-10.49,Stop Loss
CAT,2023-01-23 14:45:00-05:00,238.88,2023-01-23 15:50:00-05:00,240.39,12.27,Take Profit
CAT,2023-03-07 10:05:00-05:00,239.2,2023-03-07 12:10:00-05:00,237.63,-13.42,Stop Loss
CAT,2023-04-03 11:10:00-04:00,218.06,2023-04-03 14:10:00-04:00,219.15,9.63,Time Stop
CAT,2023-04-26 14:15:00-04:00,208.25,2023-04-26 14:50:00-04:00,207.46,-7.99,Stop Loss
CAT,2023-06-23 15:00:00-04:00,223.74,2023-06-23 15:50:00-04:00,224.53,6.7,Take Profit
CAT,2023-07-25 14:55:00-04:00,252.15,2023-07-25 16:00:00-04:00,252.18,-0.08,EOD Close
CAT,2023-08-14 09:45:00-04:00,272.0,2023-08-14 12:45:00-04:00,272.47,3.16,Time Stop
CAT,2023-10-25 09:45:00-04:00,239.67,2023-10-25 09:55:00-04:00,241.27,13.01,Take Profit
CAT,2023-11-06 09:45:00-05:00,230.49,2023-11-06 12:45:00-05:00,230.08,-3.9,Time Stop
CAT,2023-12-22 14:20:00-05:00,280.04,2023-12-22 16:00:00-05:00,280.87,5.64,EOD Close
CAT,2024-02-05 10:00:00-05:00,310.26,2024-02-05 13:00:00-05:00,312.74,15.73,Time Stop
CAT,2024-05-24 09:55:00-04:00,338.96,2024-05-24 12:55:00-04:00,339.78,4.6,Time Stop
CAT,2024-06-03 10:05:00-04:00,325.94,2024-06-03 10:20:00-04:00,323.59,-14.68,Stop Loss
CAT,2024-07-01 10:00:00-04:00,320.5,2024-07-01 10:10:00-04:00,317.88,-16.63,Stop Loss
CAT,2024-07-05 10:10:00-04:00,319.41,2024-07-05 13:10:00-04:00,320.26,5.07,Time Stop
CAT,2024-07-22 09:55:00-04:00,335.12,2024-07-22 12:55:00-04:00,337.98,16.83,Time Stop
CAT,2024-08-29 14:40:00-04:00,344.6,2024-08-29 16:00:00-04:00,344.34,-1.74,EOD Close
CAT,2024-09-11 09:45:00-04:00,322.51,2024-09-11 10:40:00-04:00,320.3,-13.94,Stop Loss
CAT,2024-09-30 14:15:00-04:00,380.74,2024-09-30 14:20:00-04:00,379.09,-8.86,Stop Loss
CAT,2025-02-21 09:45:00-05:00,341.8,2025-02-21 10:10:00-05:00,340.34,-8.77,Stop Loss
CAT,2025-02-24 10:00:00-05:00,332.56,2025-02-24 11:45:00-05:00,335.84,19.5,Take Profit
CAT,2025-03-28 09:45:00-04:00,330.86,2025-03-28 10:00:00-04:00,328.49,-14.56,Stop Loss
CAT,2025-04-01 14:05:00-04:00,323.44,2025-04-01 15:25:00-04:00,325.46,12.27,Take Profit
CAT,2025-04-30 09:50:00-04:00,302.76,2025-04-30 12:50:00-04:00,301.19,-10.64,Time Stop
CAT,2025-05-07 14:05:00-04:00,315.72,2025-05-07 14:40:00-04:00,317.81,13.01,Take Profit
CAT,2025-06-10 14:00:00-04:00,354.28,2025-06-10 14:55:00-04:00,355.77,8.19,Take Profit
CAT,2025-06-13 14:20:00-04:00,353.98,2025-06-13 14:35:00-04:00,352.82,-6.8,Stop Loss
CAT,2025-07-30 15:00:00-04:00,428.98,2025-07-30 15:55:00-04:00,432.34,15.46,Take Profit
CAT,2025-08-04 14:00:00-04:00,431.15,2025-08-04 14:15:00-04:00,429.61,-7.31,Stop Loss
CAT,2025-08-13 10:45:00-04:00,408.87,2025-08-13 11:20:00-04:00,411.32,11.81,Take Profit
CAT,2025-09-08 09:45:00-04:00,416.47,2025-09-08 11:05:00-04:00,420.11,17.29,Take Profit
CAT,2025-12-01 14:15:00-05:00,568.66,2025-12-01 15:55:00-05:00,566.37,-8.21,Stop Loss
CAT,2025-12-15 09:45:00-05:00,590.26,2025-12-15 12:10:00-05:00,599.21,30.2,Take Profit
CAT,2026-02-25 10:10:00-05:00,758.83,2026-02-25 11:50:00-05:00,769.67,28.46,Take Profit
CAT,2026-03-18 14:45:00-04:00,701.04,2026-03-18 14:50:00-04:00,698.1,-8.5,Stop Loss
CAT,2026-03-30 09:45:00-04:00,682.73,2026-03-30 10:40:00-04:00,672.66,-29.62,Stop Loss
TXN,2021-05-03 10:20:00-04:00,156.1,2021-05-03 11:25:00-04:00,155.12,-13.04,Stop Loss
TXN,2021-05-06 14:25:00-04:00,158.81,2021-05-06 15:35:00-04:00,159.87,12.84,Take Profit
TXN,2021-07-07 10:40:00-04:00,165.48,2021-07-07 13:40:00-04:00,165.34,-2.18,Time Stop
TXN,2021-08-11 10:25:00-04:00,165.48,2021-08-11 13:00:00-04:00,166.36,10.15,Take Profit
TXN,2021-08-26 15:00:00-04:00,164.42,2021-08-26 15:50:00-04:00,164.98,6.27,Take Profit
TXN,2021-08-31 09:45:00-04:00,166.5,2021-08-31 12:45:00-04:00,167.64,13.21,Time Stop
TXN,2021-09-14 14:45:00-04:00,171.03,2021-09-14 15:35:00-04:00,170.64,-4.99,Stop Loss
TXN,2021-11-03 09:45:00-04:00,165.28,2021-11-03 12:45:00-04:00,165.97,7.87,Time Stop
TXN,2021-11-24 09:45:00-05:00,168.07,2021-11-24 10:35:00-05:00,169.45,15.93,Take Profit
TXN,2021-12-13 10:05:00-05:00,170.88,2021-12-13 13:05:00-05:00,171.87,11.12,Time Stop
TXN,2022-01-04 10:40:00-05:00,167.03,2022-01-04 13:40:00-05:00,167.25,2.16,Time Stop
TXN,2022-01-28 14:20:00-05:00,153.42,2022-01-28 15:00:00-05:00,155.1,21.36,Take Profit
TXN,2022-04-05 09:45:00-04:00,159.63,2022-04-05 10:00:00-04:00,158.31,-17.0,Stop Loss
TXN,2022-04-05 10:05:00-04:00,157.41,2022-04-05 13:05:00-04:00,159.03,20.07,Time Stop
TXN,2022-05-16 09:45:00-04:00,149.76,2022-05-16 12:45:00-04:00,150.63,11.08,Time Stop
TXN,2022-05-20 11:15:00-04:00,149.48,2022-05-20 12:05:00-04:00,148.3,-16.38,Stop Loss
TXN,2022-08-16 09:45:00-04:00,165.59,2022-08-16 10:00:00-04:00,164.95,-8.27,Stop Loss
TXN,2022-09-14 14:00:00-04:00,147.92,2022-09-14 15:15:00-04:00,147.22,-10.06,Stop Loss
TXN,2022-11-08 14:05:00-05:00,151.58,2022-11-08 14:25:00-05:00,150.46,-15.36,Stop Loss
TXN,2023-02-02 10:55:00-05:00,163.46,2023-02-02 11:00:00-05:00,161.27,-27.34,Stop Loss
TXN,2023-02-13 14:45:00-05:00,160.78,2023-02-13 15:45:00-05:00,161.7,10.9,Take Profit
TXN,2023-05-01 14:30:00-04:00,151.82,2023-05-01 15:30:00-04:00,152.39,6.94,Take Profit
TXN,2023-05-11 09:45:00-04:00,148.18,2023-05-11 12:45:00-04:00,148.2,-0.27,Time Stop
TXN,2023-06-05 09:45:00-04:00,159.11,2023-06-05 10:15:00-04:00,157.85,-16.3,Stop Loss
TXN,2023-06-13 14:30:00-04:00,162.63,2023-06-13 15:55:00-04:00,163.37,8.57,Take Profit
TXN,2023-06-14 14:00:00-04:00,162.1,2023-06-14 14:05:00-04:00,161.39,-9.27,Stop Loss
TXN,2023-08-04 14:35:00-04:00,156.03,2023-08-04 16:00:00-04:00,156.29,2.82,EOD Close
TXN,2023-08-08 09:45:00-04:00,152.9,2023-08-08 12:45:00-04:00,153.8,11.25,Time Stop
TXN,2023-11-07 09:45:00-05:00,136.58,2023-11-07 10:40:00-05:00,137.41,11.57,Take Profit
TXN,2023-12-20 14:25:00-05:00,156.94,2023-12-20 14:35:00-05:00,156.62,-4.58,Stop Loss
TXN,2024-01-09 14:40:00-05:00,157.73,2024-01-09 16:00:00-05:00,157.75,-0.25,EOD Close
TXN,2024-02-22 09:50:00-05:00,154.41,2024-02-22 11:50:00-05:00,155.75,16.81,Take Profit
TXN,2024-04-04 14:30:00-04:00,161.38,2024-04-04 14:40:00-04:00,162.4,12.12,Take Profit
TXN,2024-04-04 14:45:00-04:00,160.94,2024-04-04 15:00:00-04:00,159.99,-12.28,Stop Loss
TXN,2024-05-22 14:00:00-04:00,191.35,2024-05-22 15:55:00-04:00,192.35,10.05,Take Profit
TXN,2024-06-07 14:05:00-04:00,185.76,2024-06-07 15:20:00-04:00,184.99,-8.77,Stop Loss
TXN,2024-06-11 09:45:00-04:00,185.18,2024-06-11 12:45:00-04:00,186.18,10.37,Time Stop
TXN,2024-07-18 14:35:00-04:00,193.94,2024-07-18 15:40:00-04:00,195.16,12.21,Take Profit
TXN,2024-07-19 10:10:00-04:00,192.0,2024-07-19 11:40:00-04:00,190.06,-20.59,Stop Loss
TXN,2024-07-26 15:00:00-04:00,191.05,2024-07-26 16:00:00-04:00,191.82,7.64,EOD Close
TXN,2024-08-16 09:45:00-04:00,190.57,2024-08-16 12:45:00-04:00,191.51,9.45,Time Stop
TXN,2024-09-12 09:45:00-04:00,190.24,2024-09-12 12:35:00-04:00,188.19,-21.97,Stop Loss
TXN,2024-10-01 09:45:00-04:00,193.78,2024-10-01 10:25:00-04:00,192.01,-18.72,Stop Loss
TXN,2024-11-27 10:00:00-05:00,191.46,2024-11-27 12:00:00-05:00,190.43,-11.18,Stop Loss
TXN,2024-12-18 14:05:00-05:00,182.95,2024-12-18 14:55:00-05:00,181.97,-11.14,Stop Loss
TXN,2025-02-05 09:45:00-05:00,172.52,2025-02-05 10:20:00-05:00,174.3,20.21,Take Profit
TXN,2025-02-25 14:25:00-05:00,193.49,2025-02-25 15:00:00-05:00,194.91,14.27,Take Profit
TXN,2025-02-27 10:00:00-05:00,188.98,2025-02-27 13:00:00-05:00,189.14,1.27,Time Stop
TXN,2025-03-11 10:20:00-04:00,176.71,2025-03-11 10:35:00-04:00,174.41,-26.47,Stop Loss
TXN,2025-05-07 14:05:00-04:00,158.38,2025-05-07 14:30:00-04:00,159.74,16.64,Take Profit
TXN,2025-05-15 14:20:00-04:00,183.58,2025-05-15 15:25:00-04:00,182.86,-8.25,Stop Loss
TXN,2025-05-20 14:25:00-04:00,183.41,2025-05-20 15:30:00-04:00,184.1,7.04,Take Profit
TXN,2025-06-20 10:55:00-04:00,192.45,2025-06-20 11:40:00-04:00,194.55,21.41,Take Profit
TXN,2025-07-15 09:55:00-04:00,213.7,2025-07-15 10:10:00-04:00,214.81,10.01,Take Profit
TXN,2025-07-23 14:15:00-04:00,182.16,2025-07-23 16:00:00-04:00,182.03,-1.87,EOD Close
TXN,2025-08-11 10:20:00-04:00,183.11,2025-08-11 13:20:00-04:00,182.14,-11.03,Time Stop
TXN,2025-08-20 10:10:00-04:00,191.21,2025-08-20 10:35:00-04:00,193.38,22.23,Take Profit
TXN,2025-08-28 14:10:00-04:00,202.27,2025-08-28 14:20:00-04:00,201.52,-7.78,Stop Loss
TXN,2025-09-08 10:15:00-04:00,182.27,2025-09-08 13:15:00-04:00,181.22,-11.96,Time Stop
TXN,2025-09-10 09:50:00-04:00,180.88,2025-09-10 12:50:00-04:00,180.4,-5.75,Time Stop
TXN,2025-10-27 09:50:00-04:00,166.28,2025-10-27 12:50:00-04:00,167.43,13.35,Time Stop
TXN,2025-12-17 10:45:00-05:00,174.87,2025-12-17 11:50:00-05:00,173.6,-14.93,Stop Loss
MCD,2021-08-26 09:50:00-04:00,213.15,2021-08-26 10:25:00-04:00,212.47,-6.76,Stop Loss
MCD,2021-10-12 09:45:00-04:00,221.31,2021-10-12 12:45:00-04:00,221.41,0.54,Time Stop
MCD,2021-10-22 09:55:00-04:00,216.42,2021-10-22 11:20:00-04:00,215.37,-10.11,Stop Loss
MCD,2022-01-03 10:00:00-05:00,242.55,2022-01-03 11:35:00-05:00,241.07,-12.55,Stop Loss
MCD,2022-01-05 14:10:00-05:00,242.65,2022-01-05 16:00:00-05:00,242.45,-1.98,EOD Close
MCD,2022-02-14 14:00:00-05:00,228.99,2022-02-14 15:55:00-05:00,230.26,10.72,Take Profit
MCD,2022-02-23 10:20:00-05:00,227.63,2022-02-23 13:20:00-05:00,226.47,-10.5,Stop Loss
MCD,2022-04-20 14:50:00-04:00,232.68,2022-04-20 15:25:00-04:00,233.48,6.55,Take Profit
MCD,2022-05-03 14:15:00-04:00,223.37,2022-05-03 14:55:00-04:00,224.55,10.18,Take Profit
MCD,2022-06-02 09:45:00-04:00,225.55,2022-06-02 12:45:00-04:00,225.96,3.28,Time Stop
MCD,2022-06-09 15:00:00-04:00,223.48,2022-06-09 15:45:00-04:00,222.67,-7.58,Stop Loss
MCD,2022-06-15 10:55:00-04:00,218.28,2022-06-15 11:20:00-04:00,216.95,-12.59,Stop Loss
MCD,2022-06-16 14:45:00-04:00,214.86,2022-06-16 15:10:00-04:00,216.27,12.8,Take Profit
MCD,2022-09-20 10:20:00-04:00,234.9,2022-09-20 13:20:00-04:00,234.39,-4.68,Time Stop
MCD,2023-01-04 14:25:00-05:00,244.68,2023-01-04 16:00:00-05:00,245.29,4.66,EOD Close
MCD,2023-01-12 09:50:00-05:00,247.65,2023-01-12 10:10:00-05:00,248.68,7.99,Take Profit
MCD,2023-01-27 10:50:00-05:00,252.74,2023-01-27 13:50:00-05:00,252.69,-0.71,Time Stop
MCD,2023-02-24 09:45:00-05:00,244.98,2023-02-24 10:45:00-05:00,243.53,-12.14,Stop Loss
MCD,2023-03-17 09:50:00-04:00,250.3,2023-03-17 10:30:00-04:00,249.25,-8.7,Stop Loss
MCD,2023-03-21 09:45:00-04:00,250.49,2023-03-21 12:45:00-04:00,250.97,3.51,Time Stop
MCD,2023-05-11 09:55:00-04:00,273.8,2023-05-11 12:55:00-04:00,275.18,9.79,Time Stop
MCD,2023-06-14 14:05:00-04:00,269.9,2023-06-14 14:40:00-04:00,270.82,6.49,Take Profit
MCD,2023-06-28 09:45:00-04:00,271.84,2023-06-28 11:30:00-04:00,272.87,7.26,Take Profit
MCD,2023-07-27 14:10:00-04:00,277.21,2023-07-27 16:00:00-04:00,276.89,-2.6,EOD Close
MCD,2023-08-31 14:45:00-04:00,266.2,2023-08-31 15:05:00-04:00,265.79,-3.37,Stop Loss
MCD,2023-09-20 14:00:00-04:00,262.85,2023-09-20 15:30:00-04:00,262.19,-5.3,Stop Loss
MCD,2023-10-12 10:05:00-04:00,235.02,2023-10-12 10:40:00-04:00,233.99,-9.12,Stop Loss
MCD,2023-10-30 09:45:00-04:00,241.55,2023-10-30 11:20:00-04:00,245.45,31.99,Take Profit
MCD,2023-12-05 14:15:00-05:00,272.27,2023-12-05 16:00:00-05:00,271.83,-3.53,EOD Close
MCD,2023-12-14 09:45:00-05:00,275.87,2023-12-14 12:45:00-05:00,274.85,-7.68,Time Stop
MCD,2023-12-15 09:55:00-05:00,272.49,2023-12-15 12:55:00-05:00,272.23,-2.2,Time Stop
MCD,2023-12-22 14:30:00-05:00,275.64,2023-12-22 14:40:00-05:00,276.27,4.3,Take Profit
MCD,2024-01-11 10:10:00-05:00,276.16,2024-01-11 13:10:00-05:00,277.38,8.55,Time Stop
MCD,2024-01-12 14:45:00-05:00,278.18,2024-01-12 16:00:00-05:00,278.4,1.29,EOD Close
MCD,2024-03-22 10:40:00-04:00,269.18,2024-03-22 11:05:00-04:00,270.21,7.35,Take Profit
MCD,2024-04-25 14:25:00-04:00,263.25,2024-04-25 16:00:00-04:00,262.95,-2.58,EOD Close
MCD,2024-06-25 10:05:00-04:00,246.92,2024-06-25 10:45:00-04:00,248.82,15.04,Take Profit
MCD,2024-09-17 10:25:00-04:00,283.79,2024-09-17 12:50:00-04:00,282.34,-10.51,Stop Loss
MCD,2024-10-24 14:40:00-04:00,289.69,2024-10-24 15:25:00-04:00,290.91,8.18,Take Profit
MCD,2024-11-06 09:45:00-05:00,285.72,2024-11-06 12:15:00-05:00,283.27,-17.43,Stop Loss
MCD,2024-12-06 14:35:00-05:00,291.58,2024-12-06 15:15:00-05:00,292.49,5.94,Take Profit
MCD,2025-02-18 14:05:00-05:00,295.23,2025-02-18 15:30:00-05:00,296.11,5.69,Take Profit
MCD,2025-06-03 10:20:00-04:00,305.21,2025-06-03 10:30:00-04:00,304.19,-6.95,Stop Loss
MCD,2025-07-21 09:50:00-04:00,290.58,2025-07-21 10:50:00-04:00,292.01,9.57,Take Profit
MCD,2025-08-14 09:55:00-04:00,297.69,2025-08-14 10:50:00-04:00,299.05,8.88,Take Profit
MCD,2025-11-19 14:25:00-05:00,299.04,2025-11-19 16:00:00-05:00,299.22,0.94,EOD Close
MCD,2025-12-10 09:45:00-05:00,305.69,2025-12-10 10:05:00-05:00,307.87,13.97,Take Profit
MCD,2026-02-11 14:45:00-05:00,321.28,2026-02-11 15:30:00-05:00,322.29,6.07,Take Profit
UNP,2021-04-20 11:05:00-04:00,198.02,2021-04-20 14:05:00-04:00,197.92,-1.41,Time Stop
UNP,2021-05-10 14:25:00-04:00,205.31,2021-05-10 14:50:00-04:00,204.73,-6.0,Stop Loss
UNP,2021-09-09 09:50:00-04:00,193.28,2021-09-09 10:45:00-04:00,192.48,-8.74,Stop Loss
UNP,2021-09-10 14:10:00-04:00,189.15,2021-09-10 14:45:00-04:00,188.66,-5.58,Stop Loss
UNP,2021-09-14 09:45:00-04:00,185.18,2021-09-14 10:10:00-04:00,184.31,-9.88,Stop Loss
UNP,2021-09-27 14:50:00-04:00,184.94,2021-09-27 15:15:00-04:00,184.49,-5.27,Stop Loss
UNP,2021-11-15 09:45:00-05:00,218.04,2021-11-15 10:05:00-05:00,218.85,7.08,Take Profit
UNP,2022-03-03 14:00:00-05:00,236.11,2022-03-03 14:50:00-05:00,234.33,-15.42,Stop Loss
UNP,2022-03-29 09:45:00-04:00,246.58,2022-03-29 12:45:00-04:00,247.98,11.03,Time Stop
UNP,2022-05-05 10:05:00-04:00,212.36,2022-05-05 11:10:00-04:00,210.44,-18.51,Stop Loss
UNP,2022-05-16 09:45:00-04:00,208.21,2022-05-16 10:30:00-04:00,210.11,17.84,Take Profit
UNP,2022-05-18 09:45:00-04:00,209.2,2022-05-18 10:10:00-04:00,207.63,-15.4,Stop Loss
UNP,2022-05-31 15:00:00-04:00,201.36,2022-05-31 15:35:00-04:00,202.51,11.06,Take Profit
UNP,2022-06-27 09:45:00-04:00,195.51,2022-06-27 12:45:00-04:00,196.02,4.81,Time Stop
UNP,2022-07-08 09:45:00-04:00,191.25,2022-07-08 10:10:00-04:00,189.01,-23.88,Stop Loss
UNP,2022-07-20 09:50:00-04:00,197.43,2022-07-20 10:45:00-04:00,198.5,10.46,Take Profit
UNP,2022-08-26 10:00:00-04:00,216.98,2022-08-26 10:10:00-04:00,218.39,12.63,Take Profit
UNP,2022-08-26 10:30:00-04:00,215.75,2022-08-26 13:30:00-04:00,214.72,-9.92,Time Stop
UNP,2022-09-21 14:00:00-04:00,196.7,2022-09-21 14:40:00-04:00,199.21,25.08,Take Profit
UNP,2022-10-05 10:00:00-04:00,185.7,2022-10-05 13:00:00-04:00,185.69,-0.54,Time Stop
UNP,2022-10-11 14:50:00-04:00,178.63,2022-10-11 15:05:00-04:00,177.66,-11.29,Stop Loss
UNP,2022-10-31 09:55:00-04:00,180.73,2022-10-31 11:15:00-04:00,182.25,16.33,Take Profit
UNP,2022-12-06 14:05:00-05:00,192.84,2022-12-06 15:35:00-05:00,193.85,10.01,Take Profit
UNP,2023-02-24 09:45:00-05:00,177.29,2023-02-24 11:50:00-05:00,178.74,15.95,Take Profit
UNP,2023-03-01 14:15:00-05:00,194.4,2023-03-01 16:00:00-05:00,194.25,-1.95,EOD Close
UNP,2023-04-03 10:50:00-04:00,186.0,2023-04-03 13:40:00-04:00,184.91,-12.11,Stop Loss
UNP,2023-04-04 09:45:00-04:00,184.59,2023-04-04 10:20:00-04:00,183.77,-9.34,Stop Loss
UNP,2023-06-07 09:50:00-04:00,182.95,2023-06-07 10:15:00-04:00,184.09,12.07,Take Profit
UNP,2023-06-13 10:00:00-04:00,183.52,2023-06-13 10:45:00-04:00,185.77,24.11,Take Profit
UNP,2023-08-31 09:45:00-04:00,209.79,2023-08-31 09:55:00-04:00,210.49,6.32,Take Profit
UNP,2023-09-11 11:05:00-04:00,199.16,2023-09-11 14:05:00-04:00,199.44,2.41,Time Stop
UNP,2023-09-20 14:00:00-04:00,201.8,2023-09-20 14:35:00-04:00,202.72,8.76,Take Profit
UNP,2023-10-25 09:45:00-04:00,192.48,2023-10-25 10:05:00-04:00,191.39,-11.73,Stop Loss
UNP,2023-12-20 14:55:00-05:00,228.09,2023-12-20 15:50:00-05:00,227.06,-9.41,Stop Loss
UNP,2024-02-02 10:10:00-05:00,234.16,2024-02-02 11:05:00-05:00,235.79,13.62,Take Profit
UNP,2024-07-01 10:45:00-04:00,215.78,2024-07-01 13:45:00-04:00,216.21,3.61,Time Stop
UNP,2024-07-09 10:00:00-04:00,212.47,2024-07-09 12:45:00-04:00,213.95,13.58,Take Profit
UNP,2024-09-11 09:45:00-04:00,238.4,2024-09-11 10:20:00-04:00,235.45,-25.05,Stop Loss
UNP,2024-09-20 14:05:00-04:00,234.76,2024-09-20 15:35:00-04:00,235.48,5.76,Take Profit
UNP,2024-10-04 10:35:00-04:00,229.93,2024-10-04 13:35:00-04:00,230.04,0.61,Time Stop
UNP,2025-02-21 09:45:00-05:00,236.43,2025-02-21 12:45:00-05:00,237.54,9.05,Time Stop
UNP,2025-02-24 09:45:00-05:00,236.75,2025-02-24 10:05:00-05:00,237.98,10.08,Take Profit
UNP,2025-02-27 15:00:00-05:00,237.48,2025-02-27 16:00:00-05:00,238.15,5.31,EOD Close
UNP,2025-03-21 09:45:00-04:00,226.78,2025-03-21 12:45:00-04:00,227.82,8.82,Time Stop
UNP,2025-04-25 09:55:00-04:00,207.44,2025-04-25 12:55:00-04:00,207.5,0.19,Time Stop
UNP,2025-06-10 14:15:00-04:00,222.15,2025-06-10 16:00:00-04:00,222.74,4.95,EOD Close
UNP,2025-08-22 11:00:00-04:00,219.47,2025-08-22 11:15:00-04:00,224.27,43.38,Take Profit
UNP,2025-09-08 09:45:00-04:00,215.14,2025-09-08 12:45:00-04:00,215.5,2.97,Time Stop
UNP,2025-09-17 14:50:00-04:00,213.86,2025-09-17 16:00:00-04:00,214.79,8.32,EOD Close
UNP,2025-10-06 15:00:00-04:00,234.38,2025-10-06 15:45:00-04:00,234.98,4.75,Take Profit
UNP,2025-10-10 10:55:00-04:00,226.93,2025-10-10 11:25:00-04:00,225.21,-15.5,Stop Loss
UNP,2025-11-19 14:15:00-05:00,217.78,2025-11-19 14:50:00-05:00,218.53,6.53,Take Profit
UNP,2025-12-01 14:20:00-05:00,229.98,2025-12-01 15:50:00-05:00,229.25,-6.68,Stop Loss
UNP,2026-02-09 09:45:00-05:00,248.34,2026-02-09 10:25:00-05:00,250.61,17.98,Take Profit
UNP,2026-02-25 10:00:00-05:00,261.41,2026-02-25 13:00:00-05:00,263.12,12.78,Time Stop
UNP,2026-02-27 09:45:00-05:00,261.8,2026-02-27 11:20:00-05:00,263.74,14.49,Take Profit
UNP,2026-03-04 09:55:00-05:00,262.73,2026-03-04 11:55:00-05:00,264.68,14.54,Take Profit
UNP,2026-03-26 15:00:00-04:00,238.64,2026-03-26 16:00:00-04:00,239.19,4.27,EOD Close
ADI,2021-05-27 14:00:00-04:00,151.11,2021-05-27 14:25:00-04:00,150.64,-6.78,Stop Loss
ADI,2021-06-10 10:50:00-04:00,151.97,2021-06-10 13:50:00-04:00,152.87,11.32,Time Stop
ADI,2021-06-22 09:45:00-04:00,149.75,2021-06-22 11:00:00-04:00,150.66,11.65,Take Profit
ADI,2021-07-07 14:35:00-04:00,151.69,2021-07-07 14:55:00-04:00,152.46,9.66,Take Profit
ADI,2021-07-16 10:20:00-04:00,149.6,2021-07-16 10:45:00-04:00,148.9,-9.93,Stop Loss
ADI,2021-08-11 10:05:00-04:00,156.64,2021-08-11 11:00:00-04:00,155.98,-9.0,Stop Loss
ADI,2021-08-24 09:50:00-04:00,154.67,2021-08-24 10:15:00-04:00,153.67,-13.48,Stop Loss
ADI,2021-12-13 10:05:00-05:00,168.3,2021-12-13 11:10:00-05:00,167.3,-12.34,Stop Loss
ADI,2022-01-28 14:25:00-05:00,142.77,2022-01-28 14:55:00-05:00,144.1,18.04,Take Profit
ADI,2022-02-17 09:45:00-05:00,151.9,2022-02-17 12:45:00-05:00,151.12,-10.8,Time Stop
ADI,2022-04-05 09:45:00-04:00,148.77,2022-04-05 10:10:00-04:00,146.21,-34.96,Stop Loss
ADI,2022-07-18 10:05:00-04:00,146.11,2022-07-18 10:30:00-04:00,147.45,17.78,Take Profit
ADI,2022-08-16 09:45:00-04:00,166.58,2022-08-16 12:45:00-04:00,167.13,6.12,Time Stop
ADI,2022-09-14 14:00:00-04:00,140.76,2022-09-14 15:15:00-04:00,140.04,-10.74,Stop Loss
ADI,2022-09-15 11:05:00-04:00,139.28,2022-09-15 13:00:00-04:00,140.65,19.13,Take Profit
ADI,2022-09-29 09:45:00-04:00,132.87,2022-09-29 12:45:00-04:00,133.21,4.52,Time Stop
ADI,2022-10-11 14:50:00-04:00,130.08,2022-10-11 15:10:00-04:00,129.25,-13.41,Stop Loss
ADI,2022-10-18 14:45:00-04:00,131.43,2022-10-18 15:30:00-04:00,132.58,16.86,Take Profit
ADI,2022-10-24 10:00:00-04:00,135.19,2022-10-24 13:00:00-04:00,135.7,6.95,Time Stop
ADI,2022-12-28 11:05:00-05:00,152.09,2022-12-28 14:05:00-05:00,151.92,-2.76,Time Stop
ADI,2023-01-23 14:45:00-05:00,158.7,2023-01-23 15:35:00-05:00,159.96,15.37,Take Profit
ADI,2023-04-12 14:35:00-04:00,178.5,2023-04-12 15:55:00-04:00,177.84,-7.89,Stop Loss
ADI,2023-05-11 09:50:00-04:00,170.16,2023-05-11 12:20:00-04:00,171.71,17.78,Take Profit
ADI,2023-07-27 14:25:00-04:00,186.52,2023-07-27 14:55:00-04:00,185.32,-13.32,Stop Loss
ADI,2023-08-04 14:35:00-04:00,178.51,2023-08-04 16:00:00-04:00,179.86,14.68,EOD Close
ADI,2023-09-22 14:15:00-04:00,168.23,2023-09-22 15:05:00-04:00,168.97,8.34,Take Profit
ADI,2023-10-05 09:45:00-04:00,165.17,2023-10-05 10:00:00-04:00,164.27,-11.34,Stop Loss
ADI,2023-10-05 10:05:00-04:00,164.37,2023-10-05 11:15:00-04:00,163.15,-15.31,Stop Loss
ADI,2023-12-20 14:00:00-05:00,188.79,2023-12-20 14:25:00-05:00,188.12,-7.57,Stop Loss
ADI,2024-03-14 15:00:00-04:00,189.49,2024-03-14 15:10:00-04:00,188.54,-10.41,Stop Loss
ADI,2024-05-16 10:30:00-04:00,206.99,2024-05-16 11:00:00-04:00,208.16,10.89,Take Profit
ADI,2024-06-24 09:45:00-04:00,222.62,2024-06-24 09:55:00-04:00,224.15,13.41,Take Profit
ADI,2024-07-18 14:45:00-04:00,230.11,2024-07-18 15:35:00-04:00,232.12,17.12,Take Profit
ADI,2024-08-29 14:40:00-04:00,225.23,2024-08-29 16:00:00-04:00,225.3,0.27,EOD Close
ADI,2024-09-12 09:45:00-04:00,214.41,2024-09-12 12:45:00-04:00,215.96,14.09,Time Stop
ADI,2024-10-10 09:45:00-04:00,223.66,2024-10-10 12:10:00-04:00,226.35,23.68,Take Profit
ADI,2024-12-18 14:05:00-05:00,211.08,2024-12-18 14:45:00-05:00,209.5,-15.38,Stop Loss
ADI,2025-01-14 15:00:00-05:00,208.06,2025-01-14 15:50:00-05:00,209.5,13.48,Take Profit
ADI,2025-02-06 14:25:00-05:00,202.7,2025-02-06 14:40:00-05:00,202.11,-6.2,Stop Loss
ADI,2025-02-27 10:00:00-05:00,224.92,2025-02-27 13:00:00-05:00,225.35,3.47,Time Stop
ADI,2025-02-27 14:35:00-05:00,223.52,2025-02-27 15:05:00-05:00,222.34,-10.87,Stop Loss
ADI,2025-05-07 14:05:00-04:00,192.9,2025-05-07 14:40:00-04:00,194.95,20.8,Take Profit
ADI,2025-05-15 14:15:00-04:00,222.92,2025-05-15 16:00:00-04:00,223.68,6.46,EOD Close
ADI,2025-05-20 14:25:00-04:00,219.29,2025-05-20 15:35:00-04:00,220.3,8.83,Take Profit
ADI,2025-07-30 14:55:00-04:00,227.31,2025-07-30 16:00:00-04:00,228.84,13.15,Take Profit
ADI,2025-08-05 10:35:00-04:00,217.99,2025-08-05 13:35:00-04:00,218.68,5.96,Time Stop
ADI,2025-08-20 10:10:00-04:00,227.72,2025-08-20 10:30:00-04:00,233.29,48.58,Take Profit
ADI,2025-09-29 14:55:00-04:00,243.2,2025-09-29 15:15:00-04:00,242.22,-8.35,Stop Loss
ADI,2025-10-10 11:00:00-04:00,232.22,2025-10-10 11:15:00-04:00,230.16,-18.04,Stop Loss
ADI,2025-12-01 14:20:00-05:00,264.45,2025-12-01 16:00:00-05:00,264.71,1.66,EOD Close
ADI,2025-12-04 14:25:00-05:00,275.05,2025-12-04 15:25:00-05:00,274.03,-7.68,Stop Loss
ADI,2025-12-17 10:40:00-05:00,274.63,2025-12-17 11:50:00-05:00,272.42,-16.39,Stop Loss
ADI,2026-01-15 14:15:00-05:00,300.9,2026-01-15 15:05:00-05:00,302.32,9.16,Take Profit
MRK,2021-06-01 09:45:00-04:00,64.46,2021-06-01 12:45:00-04:00,64.29,-6.52,Time Stop
MRK,2021-06-07 09:45:00-04:00,62.98,2021-06-07 10:15:00-04:00,62.66,-11.47,Stop Loss
MRK,2021-09-16 09:45:00-04:00,62.95,2021-09-16 10:00:00-04:00,62.68,-9.81,Stop Loss
MRK,2021-10-27 09:45:00-04:00,71.09,2021-10-27 09:50:00-04:00,70.76,-10.44,Stop Loss
MRK,2021-12-03 09:45:00-05:00,63.71,2021-12-03 12:45:00-05:00,63.35,-12.56,Time Stop
MRK,2022-01-04 09:45:00-05:00,66.72,2022-01-04 10:45:00-05:00,67.19,12.87,Take Profit
MRK,2022-04-22 14:35:00-04:00,75.06,2022-04-22 15:30:00-04:00,75.31,5.66,Take Profit
MRK,2022-06-02 09:45:00-04:00,79.13,2022-06-02 12:45:00-04:00,79.52,8.85,Time Stop
MRK,2022-08-09 14:15:00-04:00,77.71,2022-08-09 15:10:00-04:00,79.94,56.43,Take Profit
MRK,2022-08-19 14:45:00-04:00,82.27,2022-08-19 16:00:00-04:00,82.24,-1.7,EOD Close
MRK,2022-11-03 14:10:00-04:00,88.5,2022-11-03 14:20:00-04:00,88.86,7.2,Take Profit
MRK,2022-12-06 10:55:00-05:00,98.36,2022-12-06 11:25:00-05:00,97.97,-8.82,Stop Loss
MRK,2022-12-14 14:05:00-05:00,100.77,2022-12-14 14:45:00-05:00,100.38,-8.63,Stop Loss
MRK,2023-02-01 14:25:00-05:00,96.34,2023-02-01 14:40:00-05:00,96.69,6.54,Take Profit
MRK,2023-03-24 09:45:00-04:00,94.19,2023-03-24 10:45:00-04:00,93.75,-10.27,Stop Loss
MRK,2023-04-27 09:45:00-04:00,102.41,2023-04-27 12:45:00-04:00,103.02,11.13,Time Stop
MRK,2023-05-11 09:55:00-04:00,106.36,2023-05-11 11:15:00-04:00,107.22,15.42,Take Profit
MRK,2023-05-30 15:00:00-04:00,99.51,2023-05-30 16:00:00-04:00,99.59,0.8,EOD Close
MRK,2023-06-26 09:45:00-04:00,104.16,2023-06-26 09:50:00-04:00,103.56,-12.37,Stop Loss
MRK,2023-10-03 10:15:00-04:00,93.62,2023-10-03 13:15:00-04:00,93.82,3.42,Time Stop
MRK,2023-10-10 09:50:00-04:00,95.41,2023-10-10 11:20:00-04:00,96.24,16.52,Take Profit
MRK,2023-10-31 11:15:00-04:00,94.41,2023-10-31 12:10:00-04:00,93.89,-11.88,Stop Loss
MRK,2023-12-14 09:50:00-05:00,97.99,2023-12-14 12:50:00-05:00,98.81,15.92,Time Stop
MRK,2024-03-07 14:25:00-05:00,115.23,2024-03-07 16:00:00-05:00,115.47,3.47,EOD Close
MRK,2024-04-18 09:45:00-04:00,116.93,2024-04-18 11:05:00-04:00,117.33,6.08,Take Profit
MRK,2024-05-28 09:45:00-04:00,119.32,2024-05-28 12:45:00-04:00,118.5,-14.42,Time Stop
MRK,2024-05-30 14:30:00-04:00,118.94,2024-05-30 14:35:00-04:00,118.5,-8.04,Stop Loss
MRK,2024-05-30 14:40:00-04:00,116.03,2024-05-30 16:00:00-04:00,117.7,28.1,EOD Close
MRK,2024-08-01 10:00:00-04:00,105.5,2024-08-01 11:05:00-04:00,106.47,17.72,Take Profit
MRK,2024-09-03 09:45:00-04:00,110.38,2024-09-03 12:45:00-04:00,109.99,-7.79,Time Stop
MRK,2024-09-18 14:35:00-04:00,112.28,2024-09-18 14:45:00-04:00,112.74,7.47,Take Profit
MRK,2024-11-05 09:45:00-05:00,95.57,2024-11-05 11:05:00-05:00,96.33,14.99,Take Profit
MRK,2025-01-24 09:50:00-05:00,91.73,2025-01-24 12:50:00-05:00,91.79,0.44,Time Stop
MRK,2025-04-01 09:45:00-04:00,85.2,2025-04-01 12:45:00-04:00,84.48,-17.84,Time Stop
MRK,2025-04-16 09:45:00-04:00,74.82,2025-04-16 12:45:00-04:00,74.72,-3.74,Time Stop
MRK,2025-04-30 09:50:00-04:00,81.03,2025-04-30 11:30:00-04:00,81.91,20.66,Take Profit
MRK,2025-06-13 14:35:00-04:00,78.63,2025-06-13 16:00:00-04:00,78.85,4.58,EOD Close
MRK,2025-06-30 09:55:00-04:00,76.55,2025-06-30 11:10:00-04:00,77.02,11.21,Take Profit
MRK,2025-08-07 10:05:00-04:00,77.04,2025-08-07 10:20:00-04:00,76.66,-10.86,Stop Loss
MRK,2025-08-25 09:45:00-04:00,84.03,2025-08-25 10:35:00-04:00,83.27,-18.94,Stop Loss
MRK,2025-08-28 09:45:00-04:00,81.11,2025-08-28 12:45:00-04:00,80.95,-4.93,Time Stop
MRK,2025-10-10 09:45:00-04:00,85.67,2025-10-10 10:10:00-04:00,86.28,13.28,Take Profit
MRK,2025-10-29 14:35:00-04:00,85.08,2025-10-29 16:00:00-04:00,85.3,4.23,EOD Close
MRK,2025-12-31 14:30:00-05:00,104.58,2025-12-31 15:00:00-05:00,104.42,-3.84,Stop Loss
SYK,2021-04-22 14:00:00-04:00,250.19,2021-04-22 14:50:00-04:00,251.58,10.79,Take Profit
SYK,2021-06-16 14:00:00-04:00,243.0,2021-06-16 15:05:00-04:00,244.66,13.3,Take Profit
SYK,2021-06-18 09:50:00-04:00,244.36,2021-06-18 12:50:00-04:00,243.87,-4.34,Time Stop
SYK,2021-06-28 09:45:00-04:00,248.9,2021-06-28 11:10:00-04:00,247.99,-7.64,Stop Loss
SYK,2021-07-22 09:50:00-04:00,243.87,2021-07-22 12:25:00-04:00,245.52,13.19,Take Profit
SYK,2021-07-26 10:15:00-04:00,248.26,2021-07-26 11:50:00-04:00,249.47,9.44,Take Profit
SYK,2021-08-27 14:05:00-04:00,259.72,2021-08-27 15:10:00-04:00,260.76,7.7,Take Profit
SYK,2021-09-22 14:50:00-04:00,258.28,2021-09-22 15:15:00-04:00,259.42,8.5,Take Profit
SYK,2021-09-27 10:10:00-04:00,261.06,2021-09-27 10:35:00-04:00,262.46,10.44,Take Profit
SYK,2021-10-11 09:45:00-04:00,249.67,2021-10-11 12:45:00-04:00,249.66,-0.4,Time Stop
SYK,2021-11-24 14:10:00-05:00,243.2,2021-11-24 16:00:00-05:00,243.55,2.55,EOD Close
SYK,2021-12-06 15:00:00-05:00,243.42,2021-12-06 16:00:00-05:00,242.84,-5.09,EOD Close
SYK,2022-01-18 09:45:00-05:00,249.72,2022-01-18 12:45:00-05:00,251.46,13.62,Time Stop
SYK,2022-02-14 14:00:00-05:00,238.24,2022-02-14 14:25:00-05:00,239.99,14.36,Take Profit
SYK,2022-02-17 09:50:00-05:00,244.13,2022-02-17 12:50:00-05:00,243.19,-8.03,Time Stop
SYK,2022-03-21 09:55:00-04:00,253.33,2022-03-21 12:55:00-04:00,253.32,-0.39,Time Stop
SYK,2022-05-18 09:50:00-04:00,225.41,2022-05-18 10:05:00-04:00,223.43,-17.91,Stop Loss
SYK,2022-06-02 09:45:00-04:00,216.12,2022-06-02 10:55:00-04:00,218.89,25.23,Take Profit
SYK,2022-06-03 09:45:00-04:00,220.93,2022-06-03 12:45:00-04:00,220.41,-5.07,Time Stop
SYK,2022-06-22 09:45:00-04:00,186.01,2022-06-22 09:55:00-04:00,187.46,15.12,Take Profit
SYK,2022-08-16 14:45:00-04:00,215.5,2022-08-16 16:00:00-04:00,215.82,2.6,EOD Close
SYK,2022-08-18 09:45:00-04:00,211.63,2022-08-18 12:45:00-04:00,211.76,0.85,Time Stop
SYK,2022-08-19 09:45:00-04:00,210.88,2022-08-19 11:05:00-04:00,209.82,-10.44,Stop Loss
SYK,2022-09-19 09:45:00-04:00,209.7,2022-09-19 12:45:00-04:00,211.13,13.26,Time Stop
SYK,2022-09-20 09:45:00-04:00,208.24,2022-09-20 12:45:00-04:00,209.97,16.23,Time Stop
SYK,2022-09-29 10:00:00-04:00,195.62,2022-09-29 11:45:00-04:00,197.48,18.65,Take Profit
SYK,2022-10-06 10:00:00-04:00,206.32,2022-10-06 10:25:00-04:00,204.56,-17.45,Stop Loss
SYK,2022-12-05 09:45:00-05:00,231.13,2022-12-05 12:45:00-05:00,231.37,1.73,Time Stop
SYK,2022-12-19 09:45:00-05:00,228.74,2022-12-19 10:10:00-05:00,230.71,16.91,Take Profit
SYK,2023-01-11 09:45:00-05:00,250.75,2023-01-11 09:55:00-05:00,247.73,-24.42,Stop Loss
SYK,2023-01-12 09:45:00-05:00,247.28,2023-01-12 12:15:00-05:00,249.75,19.68,Take Profit
SYK,2023-04-18 11:10:00-04:00,282.2,2023-04-18 14:10:00-04:00,283.84,11.31,Take Profit
SYK,2023-06-12 09:55:00-04:00,270.23,2023-06-12 10:20:00-04:00,268.83,-10.66,Stop Loss
SYK,2023-07-19 09:45:00-04:00,286.47,2023-07-19 09:55:00-04:00,285.13,-9.63,Stop Loss
SYK,2023-07-19 10:10:00-04:00,284.65,2023-07-19 13:10:00-04:00,285.77,7.59,Time Stop
SYK,2023-07-26 09:45:00-04:00,281.14,2023-07-26 12:10:00-04:00,282.65,10.48,Take Profit
SYK,2023-09-12 09:45:00-04:00,289.04,2023-09-12 12:45:00-04:00,288.1,-6.78,Time Stop
SYK,2023-10-03 10:00:00-04:00,263.17,2023-10-03 10:15:00-04:00,260.94,-17.24,Stop Loss
SYK,2023-10-12 09:50:00-04:00,250.81,2023-10-12 12:50:00-04:00,250.7,-1.2,Time Stop
SYK,2023-10-25 09:55:00-04:00,253.85,2023-10-25 11:00:00-04:00,257.04,24.79,Take Profit
SYK,2024-01-19 09:45:00-05:00,306.56,2024-01-19 12:45:00-05:00,307.5,5.87,Time Stop
SYK,2024-03-13 15:00:00-04:00,349.61,2024-03-13 15:25:00-04:00,348.97,-3.87,Stop Loss
SYK,2024-04-04 14:05:00-04:00,344.27,2024-04-04 14:15:00-04:00,343.35,-5.57,Stop Loss
SYK,2024-04-26 09:55:00-04:00,328.25,2024-04-26 10:15:00-04:00,330.21,11.67,Take Profit
SYK,2024-05-06 09:55:00-04:00,320.27,2024-05-06 10:05:00-04:00,322.05,10.88,Take Profit
SYK,2024-05-20 10:20:00-04:00,324.91,2024-05-20 13:20:00-04:00,324.43,-3.2,Time Stop
SYK,2024-05-23 09:45:00-04:00,326.7,2024-05-23 10:05:00-04:00,328.45,10.48,Take Profit
SYK,2024-06-11 09:45:00-04:00,336.31,2024-06-11 12:45:00-04:00,338.06,10.17,Time Stop
SYK,2024-06-20 10:05:00-04:00,338.98,2024-06-20 11:00:00-04:00,337.49,-9.05,Stop Loss
SYK,2024-06-28 15:00:00-04:00,333.37,2024-06-28 15:55:00-04:00,334.44,6.17,Take Profit
SYK,2024-07-03 09:50:00-04:00,326.38,2024-07-03 10:30:00-04:00,328.03,9.89,Take Profit
SYK,2024-07-08 14:50:00-04:00,328.9,2024-07-08 16:00:00-04:00,328.69,-1.52,EOD Close
SYK,2024-08-02 09:50:00-04:00,322.79,2024-08-02 10:20:00-04:00,320.11,-16.83,Stop Loss
SYK,2024-10-07 09:45:00-04:00,343.38,2024-10-07 12:10:00-04:00,341.81,-9.37,Stop Loss
SYK,2024-11-06 10:10:00-05:00,360.83,2024-11-06 11:25:00-05:00,364.28,18.92,Take Profit
SYK,2025-02-20 10:00:00-05:00,379.78,2025-02-20 10:30:00-05:00,382.11,12.07,Take Profit
SYK,2025-06-02 09:45:00-04:00,373.49,2025-06-02 12:45:00-04:00,374.54,5.41,Time Stop
SYK,2025-07-17 10:00:00-04:00,385.11,2025-07-17 10:25:00-04:00,387.21,10.7,Take Profit
SYK,2025-09-04 14:30:00-04:00,390.58,2025-09-04 16:00:00-04:00,391.42,4.1,EOD Close
SYK,2025-10-01 10:10:00-04:00,359.13,2025-10-01 10:35:00-04:00,353.85,-29.63,Stop Loss
SYK,2025-10-09 10:00:00-04:00,370.53,2025-10-09 10:15:00-04:00,368.93,-8.85,Stop Loss
SYK,2025-10-21 10:10:00-04:00,375.73,2025-10-21 13:10:00-04:00,375.76,-0.05,Time Stop
SYK,2025-10-28 09:45:00-04:00,377.5,2025-10-28 12:45:00-04:00,376.13,-7.47,Time Stop
SYK,2025-12-16 14:00:00-05:00,349.33,2025-12-16 14:05:00-05:00,348.57,-4.59,Stop Loss
SYK,2026-01-13 09:50:00-05:00,355.67,2026-01-13 10:00:00-05:00,353.61,-11.81,Stop Loss
CME,2021-06-28 09:50:00-04:00,176.51,2021-06-28 10:35:00-04:00,175.92,-7.1,Stop Loss
CME,2021-08-19 14:00:00-04:00,160.08,2021-08-19 14:50:00-04:00,160.9,9.72,Take Profit
CME,2021-08-24 10:45:00-04:00,163.46,2021-08-24 12:50:00-04:00,162.9,-7.32,Stop Loss
CME,2021-10-04 10:30:00-04:00,159.07,2021-10-04 10:55:00-04:00,157.89,-15.35,Stop Loss
CME,2021-11-01 10:20:00-04:00,178.3,2021-11-01 13:20:00-04:00,177.89,-5.05,Time Stop
CME,2021-11-03 10:00:00-04:00,179.12,2021-11-03 13:00:00-04:00,179.5,3.8,Time Stop
CME,2021-11-16 14:35:00-05:00,185.1,2021-11-16 15:35:00-05:00,184.55,-6.37,Stop Loss
CME,2021-12-09 09:45:00-05:00,187.96,2021-12-09 10:10:00-05:00,189.31,13.98,Take Profit
CME,2022-01-18 09:45:00-05:00,184.13,2022-01-18 10:35:00-05:00,185.3,12.31,Take Profit
CME,2022-02-07 09:45:00-05:00,203.71,2022-02-07 12:45:00-05:00,202.99,-7.46,Time Stop
CME,2022-02-10 14:15:00-05:00,203.18,2022-02-10 16:00:00-05:00,203.35,1.28,EOD Close
CME,2022-03-22 09:50:00-04:00,207.37,2022-03-22 10:05:00-04:00,205.93,-14.27,Stop Loss
CME,2022-04-07 10:00:00-04:00,200.47,2022-04-07 12:40:00-04:00,202.54,20.27,Take Profit
CME,2022-05-31 09:45:00-04:00,165.35,2022-05-31 12:00:00-04:00,166.66,15.37,Take Profit
CME,2022-09-29 09:45:00-04:00,150.37,2022-09-29 10:40:00-04:00,151.54,15.08,Take Profit
CME,2022-10-11 15:00:00-04:00,143.36,2022-10-11 16:00:00-04:00,143.65,3.49,EOD Close
CME,2022-10-31 10:00:00-04:00,146.38,2022-10-31 11:10:00-04:00,147.47,14.35,Take Profit
CME,2022-11-11 10:50:00-05:00,144.95,2022-11-11 12:00:00-05:00,146.66,23.11,Take Profit
CME,2022-11-30 09:55:00-05:00,146.78,2022-11-30 10:15:00-05:00,146.2,-8.41,Stop Loss
CME,2022-12-12 10:05:00-05:00,150.79,2022-12-12 10:45:00-05:00,151.67,11.2,Take Profit
CME,2023-01-09 14:20:00-05:00,154.06,2023-01-09 14:55:00-05:00,153.3,-10.41,Stop Loss
CME,2023-02-21 09:50:00-05:00,163.34,2023-02-21 12:50:00-05:00,163.87,6.0,Time Stop
CME,2023-04-10 09:45:00-04:00,169.18,2023-04-10 12:45:00-04:00,170.05,9.81,Time Stop
CME,2023-05-09 14:50:00-04:00,162.62,2023-05-09 15:45:00-04:00,162.16,-6.1,Stop Loss
CME,2023-05-11 09:45:00-04:00,161.62,2023-05-11 09:50:00-04:00,161.0,-8.16,Stop Loss
CME,2023-05-11 09:55:00-04:00,160.65,2023-05-11 12:55:00-04:00,161.0,3.86,Time Stop
CME,2023-05-23 09:55:00-04:00,157.8,2023-05-23 12:55:00-04:00,158.17,4.18,Time Stop
CME,2023-06-06 10:20:00-04:00,162.59,2023-06-06 10:35:00-04:00,162.05,-7.15,Stop Loss
CME,2023-06-14 14:10:00-04:00,159.29,2023-06-14 14:30:00-04:00,160.09,9.6,Take Profit
CME,2023-07-05 09:45:00-04:00,161.4,2023-07-05 12:45:00-04:00,162.72,15.86,Time Stop
CME,2023-08-29 10:45:00-04:00,178.66,2023-08-29 13:45:00-04:00,178.86,1.79,Time Stop
CME,2023-09-27 09:45:00-04:00,176.19,2023-09-27 10:35:00-04:00,177.03,9.1,Take Profit
CME,2023-11-07 09:45:00-05:00,187.22,2023-11-07 10:30:00-05:00,188.6,14.3,Take Profit
CME,2023-12-06 09:55:00-05:00,192.13,2023-12-06 10:40:00-05:00,191.06,-11.58,Stop Loss
CME,2024-01-02 10:05:00-05:00,191.14,2024-01-02 13:05:00-05:00,190.37,-8.48,Time Stop
CME,2024-02-06 09:45:00-05:00,186.3,2024-02-06 12:45:00-05:00,185.84,-5.37,Time Stop
CME,2024-02-15 10:25:00-05:00,194.09,2024-02-15 12:20:00-05:00,192.74,-14.36,Stop Loss
CME,2024-02-27 09:45:00-05:00,199.0,2024-02-27 09:55:00-05:00,200.19,11.54,Take Profit
CME,2024-05-01 09:45:00-04:00,191.11,2024-05-01 10:20:00-04:00,192.36,12.68,Take Profit
CME,2024-06-18 14:35:00-04:00,181.42,2024-06-18 15:30:00-04:00,181.94,5.31,Take Profit
CME,2024-08-15 09:45:00-04:00,190.91,2024-08-15 10:10:00-04:00,190.16,-8.22,Stop Loss
CME,2024-09-11 09:45:00-04:00,201.71,2024-09-11 10:00:00-04:00,200.73,-10.12,Stop Loss
CME,2024-09-12 10:25:00-04:00,200.7,2024-09-12 13:25:00-04:00,201.44,6.98,Time Stop
CME,2024-09-18 14:10:00-04:00,201.17,2024-09-18 14:35:00-04:00,200.34,-8.69,Stop Loss
CME,2024-09-30 11:05:00-04:00,202.2,2024-09-30 11:20:00-04:00,203.58,13.24,Take Profit
CME,2024-10-24 14:50:00-04:00,212.89,2024-10-24 15:50:00-04:00,213.59,6.17,Take Profit
CME,2025-01-17 14:45:00-05:00,223.92,2025-01-17 15:10:00-05:00,223.34,-5.57,Stop Loss
CME,2025-02-27 15:00:00-05:00,239.38,2025-02-27 16:00:00-05:00,239.34,-0.67,EOD Close
CME,2025-03-11 10:00:00-04:00,247.86,2025-03-11 10:50:00-04:00,250.79,23.34,Take Profit
CME,2025-06-03 09:45:00-04:00,273.85,2025-06-03 10:50:00-04:00,270.44,-25.22,Stop Loss
CME,2025-06-04 09:50:00-04:00,267.8,2025-06-04 12:50:00-04:00,268.59,5.6,Time Stop
CME,2025-07-08 10:30:00-04:00,269.17,2025-07-08 10:45:00-04:00,267.46,-12.99,Stop Loss
CME,2025-09-17 14:05:00-04:00,253.17,2025-09-17 15:00:00-04:00,254.63,11.24,Take Profit
CME,2025-10-01 14:55:00-04:00,258.01,2025-10-01 16:00:00-04:00,258.33,2.17,EOD Close
CME,2025-10-08 09:45:00-04:00,251.44,2025-10-08 11:10:00-04:00,255.18,29.42,Take Profit
CME,2025-10-09 09:45:00-04:00,256.04,2025-10-09 10:10:00-04:00,257.62,12.03,Take Profit
CME,2025-10-14 11:05:00-04:00,261.23,2025-10-14 14:05:00-04:00,262.95,12.86,Time Stop
CME,2026-01-07 09:45:00-05:00,259.19,2026-01-07 11:20:00-05:00,261.62,18.42,Take Profit
CME,2026-01-13 09:45:00-05:00,257.03,2026-01-13 09:55:00-05:00,258.34,9.87,Take Profit
CME,2026-01-15 14:55:00-05:00,266.73,2026-01-15 15:05:00-05:00,266.02,-5.6,Stop Loss
CME,2026-02-11 14:30:00-05:00,296.19,2026-02-11 16:00:00-05:00,295.27,-6.48,EOD Close
CME,2026-03-20 10:00:00-04:00,307.63,2026-03-20 10:05:00-04:00,306.24,-9.31,Stop Loss
CME,2026-03-20 10:10:00-04:00,306.84,2026-03-20 11:55:00-04:00,305.11,-11.52,Stop Loss
CME,2026-03-24 09:45:00-04:00,304.0,2026-03-24 10:05:00-04:00,306.16,13.99,Take Profit
NSC,2021-05-17 14:45:00-04:00,257.64,2021-05-17 16:00:00-04:00,258.56,6.83,EOD Close
NSC,2021-06-07 10:00:00-04:00,250.88,2021-06-07 10:40:00-04:00,249.79,-9.0,Stop Loss
NSC,2021-06-10 14:45:00-04:00,245.68,2021-06-10 15:10:00-04:00,245.26,-3.79,Stop Loss
NSC,2021-06-16 09:45:00-04:00,245.47,2021-06-16 12:20:00-04:00,247.28,14.46,Take Profit
NSC,2021-08-17 09:45:00-04:00,242.24,2021-08-17 10:00:00-04:00,240.84,-11.92,Stop Loss
NSC,2021-08-20 14:35:00-04:00,238.08,2021-08-20 15:45:00-04:00,238.87,6.27,Take Profit
NSC,2021-09-23 14:45:00-04:00,220.06,2021-09-23 15:15:00-04:00,219.59,-4.65,Stop Loss
NSC,2021-11-10 09:45:00-05:00,257.6,2021-11-10 12:45:00-05:00,257.64,-0.0,Time Stop
NSC,2022-02-17 14:35:00-05:00,250.86,2022-02-17 15:50:00-05:00,250.07,-6.6,Stop Loss
NSC,2022-03-29 09:50:00-04:00,257.68,2022-03-29 10:05:00-04:00,259.5,13.81,Take Profit
NSC,2022-05-31 09:45:00-04:00,219.52,2022-05-31 09:55:00-04:00,221.14,14.36,Take Profit
NSC,2022-06-08 10:10:00-04:00,224.76,2022-06-08 13:10:00-04:00,224.05,-6.67,Time Stop
NSC,2022-07-05 09:55:00-04:00,207.09,2022-07-05 12:10:00-04:00,205.34,-17.29,Stop Loss
NSC,2022-07-08 09:45:00-04:00,206.81,2022-07-08 12:45:00-04:00,207.51,6.38,Time Stop
NSC,2022-07-11 09:45:00-04:00,206.7,2022-07-11 09:55:00-04:00,208.19,14.03,Take Profit
NSC,2022-07-20 09:50:00-04:00,215.54,2022-07-20 09:55:00-04:00,216.93,12.52,Take Profit
NSC,2022-08-02 09:45:00-04:00,229.88,2022-08-02 12:45:00-04:00,228.96,-8.35,Time Stop
NSC,2022-08-26 10:35:00-04:00,239.2,2022-08-26 12:15:00-04:00,237.1,-17.91,Stop Loss
NSC,2022-09-21 14:00:00-04:00,213.56,2022-09-21 14:45:00-04:00,215.92,21.75,Take Profit
NSC,2022-11-02 09:50:00-04:00,210.86,2022-11-02 10:55:00-04:00,212.22,12.52,Take Profit
NSC,2022-11-30 09:45:00-05:00,233.16,2022-11-30 10:20:00-05:00,232.0,-10.28,Stop Loss
NSC,2022-12-06 14:10:00-05:00,223.84,2022-12-06 15:40:00-05:00,225.21,11.89,Take Profit
NSC,2022-12-14 14:00:00-05:00,240.68,2022-12-14 14:35:00-05:00,239.11,-13.38,Stop Loss
NSC,2022-12-28 10:25:00-05:00,229.79,2022-12-28 13:25:00-05:00,229.91,0.7,Time Stop
NSC,2023-02-22 14:30:00-05:00,208.17,2023-02-22 14:55:00-05:00,207.15,-10.21,Stop Loss
NSC,2023-04-28 14:05:00-04:00,189.51,2023-04-28 16:00:00-04:00,189.89,3.59,EOD Close
NSC,2023-05-31 09:45:00-04:00,195.98,2023-05-31 12:45:00-04:00,197.38,13.88,Time Stop
NSC,2023-06-08 09:45:00-04:00,202.12,2023-06-08 12:45:00-04:00,203.18,10.09,Time Stop
NSC,2023-06-14 14:25:00-04:00,209.43,2023-06-14 16:00:00-04:00,208.44,-9.84,EOD Close
NSC,2023-08-14 09:45:00-04:00,202.32,2023-08-14 12:45:00-04:00,202.75,3.86,Time Stop
NSC,2023-08-15 09:45:00-04:00,202.1,2023-08-15 10:20:00-04:00,201.19,-9.36,Stop Loss
NSC,2023-08-31 09:45:00-04:00,196.18,2023-08-31 12:45:00-04:00,196.08,-1.43,Time Stop
NSC,2023-09-07 14:35:00-04:00,185.5,2023-09-07 15:45:00-04:00,186.12,6.26,Take Profit
NSC,2023-09-18 09:45:00-04:00,192.02,2023-09-18 10:30:00-04:00,193.22,12.07,Take Profit
NSC,2023-10-05 10:05:00-04:00,179.85,2023-10-05 13:05:00-04:00,179.49,-4.45,Time Stop
NSC,2023-12-07 10:00:00-05:00,215.12,2023-12-07 13:00:00-05:00,215.87,6.6,Time Stop
NSC,2023-12-08 09:45:00-05:00,214.49,2023-12-08 11:10:00-05:00,213.14,-12.99,Stop Loss
NSC,2024-01-05 14:55:00-05:00,217.94,2024-01-05 16:00:00-05:00,218.42,4.04,EOD Close
NSC,2024-01-24 10:00:00-05:00,227.72,2024-01-24 13:00:00-05:00,228.69,8.17,Time Stop
NSC,2024-01-30 09:45:00-05:00,225.23,2024-01-30 10:05:00-05:00,223.99,-11.4,Stop Loss
NSC,2024-02-02 10:00:00-05:00,239.45,2024-02-02 13:00:00-05:00,241.58,17.46,Time Stop
NSC,2024-03-11 10:10:00-04:00,246.35,2024-03-11 13:10:00-04:00,246.62,1.87,Time Stop
NSC,2024-04-19 14:35:00-04:00,230.99,2024-04-19 16:00:00-04:00,231.33,2.6,EOD Close
NSC,2024-07-23 09:45:00-04:00,218.45,2024-07-23 09:55:00-04:00,217.67,-7.52,Stop Loss
NSC,2024-08-05 09:45:00-04:00,228.24,2024-08-05 10:10:00-04:00,233.49,45.65,Take Profit
NSC,2024-08-13 10:20:00-04:00,228.29,2024-08-13 11:00:00-04:00,229.55,10.69,Take Profit
NSC,2024-08-22 09:50:00-04:00,232.14,2024-08-22 10:20:00-04:00,231.0,-10.19,Stop Loss
NSC,2024-09-11 14:05:00-04:00,244.1,2024-09-11 16:00:00-04:00,246.07,15.81,EOD Close
NSC,2024-12-02 09:45:00-05:00,265.16,2024-12-02 12:45:00-05:00,266.21,7.62,Time Stop
NSC,2024-12-05 10:55:00-05:00,258.36,2024-12-05 13:55:00-05:00,258.8,3.1,Time Stop
NSC,2025-02-21 09:45:00-05:00,240.87,2025-02-21 12:45:00-05:00,241.62,5.9,Time Stop
NSC,2025-06-25 09:45:00-04:00,251.43,2025-06-25 12:45:00-04:00,251.58,0.87,Time Stop
NSC,2025-08-22 11:00:00-04:00,271.27,2025-08-22 14:00:00-04:00,281.99,66.92,Time Stop
NSC,2025-10-01 10:00:00-04:00,295.14,2025-10-01 13:00:00-04:00,295.14,-0.27,Time Stop
NSC,2025-10-06 15:00:00-04:00,297.44,2025-10-06 15:55:00-04:00,296.99,-3.33,Stop Loss
NSC,2025-10-09 09:55:00-04:00,292.17,2025-10-09 12:55:00-04:00,292.55,2.33,Time Stop
NSC,2025-10-10 10:55:00-04:00,290.54,2025-10-10 11:35:00-04:00,288.72,-12.78,Stop Loss
NSC,2026-02-09 09:45:00-05:00,302.45,2026-02-09 10:25:00-05:00,305.16,17.6,Take Profit
NSC,2026-03-05 09:45:00-05:00,315.71,2026-03-05 10:50:00-05:00,313.94,-11.43,Stop Loss
ECL,2021-06-14 09:50:00-04:00,200.91,2021-06-14 12:50:00-04:00,200.93,-0.2,Time Stop
ECL,2021-07-13 09:45:00-04:00,201.12,2021-07-13 12:45:00-04:00,201.34,1.79,Time Stop
ECL,2021-09-01 09:50:00-04:00,212.34,2021-09-01 09:55:00-04:00,211.64,-6.99,Stop Loss
ECL,2021-10-19 14:30:00-04:00,207.64,2021-10-19 15:10:00-04:00,208.42,7.08,Take Profit
ECL,2021-10-27 14:40:00-04:00,211.63,2021-10-27 15:20:00-04:00,210.77,-8.51,Stop Loss
ECL,2021-11-03 10:05:00-04:00,212.82,2021-11-03 11:15:00-04:00,214.88,18.97,Take Profit
ECL,2022-01-03 09:45:00-05:00,221.47,2022-01-03 10:05:00-05:00,220.11,-12.65,Stop Loss
ECL,2022-01-28 09:50:00-05:00,171.91,2022-01-28 10:15:00-05:00,173.94,23.13,Take Profit
ECL,2022-02-14 14:00:00-05:00,173.52,2022-02-14 14:25:00-05:00,174.67,12.82,Take Profit
ECL,2022-02-17 09:45:00-05:00,170.64,2022-02-17 12:45:00-05:00,171.91,14.42,Time Stop
ECL,2022-02-17 14:30:00-05:00,171.08,2022-02-17 15:10:00-05:00,170.29,-9.7,Stop Loss
ECL,2022-03-03 10:55:00-05:00,163.0,2022-03-03 13:55:00-05:00,163.98,11.53,Time Stop
ECL,2022-03-21 09:45:00-04:00,161.64,2022-03-21 12:45:00-04:00,162.59,11.26,Time Stop
ECL,2022-05-13 14:00:00-04:00,153.42,2022-05-13 15:15:00-04:00,154.96,19.51,Take Profit
ECL,2022-06-30 09:50:00-04:00,144.49,2022-06-30 10:55:00-04:00,146.35,25.15,Take Profit
ECL,2022-07-05 09:45:00-04:00,147.19,2022-07-05 12:45:00-04:00,149.41,29.62,Time Stop
ECL,2022-08-02 09:45:00-04:00,158.21,2022-08-02 12:10:00-04:00,159.59,16.89,Take Profit
ECL,2022-09-13 14:50:00-04:00,161.18,2022-09-13 15:15:00-04:00,160.61,-7.58,Stop Loss
ECL,2022-11-02 14:50:00-04:00,134.66,2022-11-02 15:25:00-04:00,133.28,-21.05,Stop Loss
ECL,2023-02-21 09:50:00-05:00,154.55,2023-02-21 10:05:00-05:00,153.25,-17.39,Stop Loss
ECL,2023-02-24 09:45:00-05:00,150.65,2023-02-24 11:45:00-05:00,152.48,23.76,Take Profit
ECL,2023-03-17 09:45:00-04:00,151.73,2023-03-17 10:10:00-04:00,150.88,-11.7,Stop Loss
ECL,2023-04-12 14:35:00-04:00,159.36,2023-04-12 15:25:00-04:00,158.77,-7.87,Stop Loss
ECL,2023-04-20 14:35:00-04:00,158.63,2023-04-20 15:15:00-04:00,158.25,-5.24,Stop Loss
ECL,2023-04-25 10:30:00-04:00,159.94,2023-04-25 10:50:00-04:00,160.56,7.22,Take Profit
ECL,2023-04-28 14:35:00-04:00,161.98,2023-04-28 15:55:00-04:00,162.54,6.42,Take Profit
ECL,2023-05-30 10:10:00-04:00,160.29,2023-05-30 13:10:00-04:00,161.21,10.98,Time Stop
ECL,2023-06-20 09:45:00-04:00,175.25,2023-06-20 11:15:00-04:00,174.37,-10.52,Stop Loss
ECL,2023-06-22 09:45:00-04:00,173.36,2023-06-22 12:45:00-04:00,174.51,12.81,Time Stop
ECL,2023-07-03 09:45:00-04:00,179.8,2023-07-03 10:15:00-04:00,181.31,16.36,Take Profit
ECL,2023-07-26 09:50:00-04:00,184.56,2023-07-26 10:25:00-04:00,184.01,-6.4,Stop Loss
ECL,2023-08-04 14:00:00-04:00,178.52,2023-08-04 14:30:00-04:00,177.59,-10.92,Stop Loss
ECL,2023-09-13 15:00:00-04:00,175.18,2023-09-13 16:00:00-04:00,175.15,-0.8,EOD Close
ECL,2023-10-06 09:45:00-04:00,162.92,2023-10-06 11:30:00-04:00,164.05,13.37,Take Profit
ECL,2023-10-25 09:45:00-04:00,154.58,2023-10-25 10:40:00-04:00,155.88,16.33,Take Profit
ECL,2024-01-19 09:45:00-05:00,194.36,2024-01-19 12:45:00-05:00,195.28,9.06,Time Stop
ECL,2024-04-25 09:50:00-04:00,213.93,2024-04-25 12:05:00-04:00,215.45,13.79,Take Profit
ECL,2024-06-17 09:45:00-04:00,233.57,2024-06-17 09:50:00-04:00,232.76,-7.27,Stop Loss
ECL,2024-08-02 10:20:00-04:00,232.65,2024-08-02 11:15:00-04:00,230.87,-15.63,Stop Loss
ECL,2024-09-06 10:25:00-04:00,240.22,2024-09-06 11:00:00-04:00,241.65,11.59,Take Profit
ECL,2024-09-11 09:45:00-04:00,241.83,2024-09-11 12:45:00-04:00,242.49,5.13,Time Stop
ECL,2024-12-30 09:45:00-05:00,230.54,2024-12-30 12:45:00-05:00,231.97,12.06,Time Stop
ECL,2025-01-02 11:05:00-05:00,229.59,2025-01-02 11:35:00-05:00,230.97,11.69,Take Profit
ECL,2025-01-10 09:45:00-05:00,228.76,2025-01-10 10:15:00-05:00,227.21,-13.87,Stop Loss
ECL,2025-03-25 09:55:00-04:00,248.35,2025-03-25 10:25:00-04:00,249.61,9.83,Take Profit
ECL,2025-06-09 09:55:00-04:00,262.89,2025-06-09 10:25:00-04:00,262.05,-6.7,Stop Loss
ECL,2025-06-11 14:15:00-04:00,264.12,2025-06-11 15:50:00-04:00,265.29,8.53,Take Profit
ECL,2025-07-10 09:50:00-04:00,263.39,2025-07-10 10:55:00-04:00,265.38,14.78,Take Profit
ECL,2025-07-15 10:25:00-04:00,263.69,2025-07-15 13:25:00-04:00,263.41,-2.43,Time Stop
ECL,2025-08-12 10:25:00-04:00,268.57,2025-08-12 11:05:00-04:00,270.59,14.75,Take Profit
ECL,2025-09-17 14:50:00-04:00,262.84,2025-09-17 15:40:00-04:00,264.57,12.85,Take Profit
ECL,2025-10-09 10:10:00-04:00,277.17,2025-10-09 11:40:00-04:00,275.87,-9.69,Stop Loss
ECL,2025-10-28 14:30:00-04:00,265.41,2025-10-28 16:00:00-04:00,266.81,10.25,EOD Close
ECL,2025-11-05 10:50:00-05:00,254.03,2025-11-05 13:00:00-05:00,256.48,18.99,Take Profit
ECL,2025-12-05 10:05:00-05:00,260.42,2025-12-05 11:15:00-05:00,259.31,-8.86,Stop Loss
ECL,2026-01-09 14:05:00-05:00,271.06,2026-01-09 15:30:00-05:00,272.01,6.71,Take Profit
ECL,2026-01-23 10:05:00-05:00,278.98,2026-01-23 10:15:00-05:00,280.01,7.12,Take Profit
ECL,2026-01-28 09:45:00-05:00,280.29,2026-01-28 09:55:00-05:00,278.6,-12.33,Stop Loss
ECL,2026-02-09 09:45:00-05:00,284.58,2026-02-09 12:45:00-05:00,285.87,8.78,Time Stop
ECL,2026-02-25 09:50:00-05:00,304.41,2026-02-25 10:00:00-05:00,302.95,-9.89,Stop Loss
AON,2021-05-21 09:45:00-04:00,245.36,2021-05-21 10:20:00-04:00,246.9,12.25,Take Profit
AON,2021-06-07 10:25:00-04:00,240.06,2021-06-07 13:25:00-04:00,240.11,0.08,Time Stop
AON,2021-06-30 09:45:00-04:00,233.1,2021-06-30 10:55:00-04:00,232.14,-8.56,Stop Loss
AON,2021-07-12 09:50:00-04:00,226.85,2021-07-12 12:25:00-04:00,225.59,-11.5,Stop Loss
AON,2021-09-28 10:05:00-04:00,282.62,2021-09-28 11:10:00-04:00,280.98,-11.9,Stop Loss
AON,2021-11-03 10:00:00-04:00,292.78,2021-11-03 10:15:00-04:00,290.73,-14.26,Stop Loss
AON,2022-01-18 09:45:00-05:00,261.97,2022-01-18 12:45:00-05:00,263.71,12.98,Time Stop
AON,2022-02-03 09:45:00-05:00,269.01,2022-02-03 10:30:00-05:00,270.61,11.56,Take Profit
AON,2022-02-14 14:00:00-05:00,270.92,2022-02-14 15:20:00-05:00,273.17,16.28,Take Profit
AON,2022-04-26 10:15:00-04:00,307.6,2022-04-26 13:05:00-04:00,305.11,-16.46,Stop Loss
AON,2022-05-18 09:45:00-04:00,267.38,2022-05-18 12:45:00-04:00,265.93,-11.15,Time Stop
AON,2022-06-03 09:45:00-04:00,265.04,2022-06-03 12:45:00-04:00,263.66,-10.72,Time Stop
AON,2022-07-07 09:45:00-04:00,268.79,2022-07-07 12:45:00-04:00,266.99,-13.69,Time Stop
AON,2022-08-16 09:50:00-04:00,293.08,2022-08-16 11:05:00-04:00,294.27,7.82,Take Profit
AON,2022-08-16 14:45:00-04:00,293.71,2022-08-16 16:00:00-04:00,294.41,4.49,EOD Close
AON,2022-08-19 09:45:00-04:00,293.04,2022-08-19 12:45:00-04:00,293.11,0.2,Time Stop
AON,2022-09-19 14:20:00-04:00,269.73,2022-09-19 15:00:00-04:00,270.64,6.43,Take Profit
AON,2022-10-11 14:55:00-04:00,270.0,2022-10-11 16:00:00-04:00,270.19,1.11,EOD Close
AON,2022-10-20 09:45:00-04:00,268.98,2022-10-20 12:45:00-04:00,269.75,5.43,Time Stop
AON,2022-12-08 11:15:00-05:00,297.02,2022-12-08 11:35:00-05:00,298.26,8.11,Take Profit
AON,2022-12-16 09:45:00-05:00,292.18,2022-12-16 12:45:00-05:00,291.24,-6.71,Time Stop
AON,2023-01-23 14:45:00-05:00,318.5,2023-01-23 16:00:00-05:00,319.49,5.97,EOD Close
AON,2023-02-14 10:35:00-05:00,312.21,2023-02-14 11:25:00-05:00,310.46,-11.49,Stop Loss
AON,2023-06-05 10:00:00-04:00,306.69,2023-06-05 10:45:00-04:00,308.09,8.86,Take Profit
AON,2023-06-09 09:45:00-04:00,305.18,2023-06-09 10:20:00-04:00,306.94,11.29,Take Profit
AON,2023-07-27 14:20:00-04:00,331.62,2023-07-27 16:00:00-04:00,331.39,-1.63,EOD Close
AON,2023-08-31 14:40:00-04:00,328.81,2023-08-31 15:55:00-04:00,328.37,-2.92,Stop Loss
AON,2023-10-03 14:05:00-04:00,313.43,2023-10-03 16:00:00-04:00,314.1,4.02,EOD Close
AON,2023-10-10 09:50:00-04:00,320.04,2023-10-10 10:45:00-04:00,318.73,-8.41,Stop Loss
AON,2023-11-15 09:45:00-05:00,326.22,2023-11-15 12:45:00-05:00,326.37,0.67,Time Stop
AON,2023-11-21 09:50:00-05:00,322.32,2023-11-21 12:50:00-05:00,321.29,-6.64,Time Stop
AON,2024-01-09 09:45:00-05:00,287.24,2024-01-09 12:45:00-05:00,288.87,11.07,Time Stop
AON,2024-01-29 10:10:00-05:00,294.45,2024-01-29 13:10:00-05:00,293.94,-3.74,Time Stop
AON,2024-02-21 09:45:00-05:00,306.95,2024-02-21 12:45:00-05:00,306.73,-1.69,Time Stop
AON,2024-06-18 09:55:00-04:00,295.46,2024-06-18 10:10:00-04:00,294.73,-5.23,Stop Loss
AON,2024-08-23 10:30:00-04:00,332.82,2024-08-23 12:45:00-04:00,330.76,-12.65,Stop Loss
AON,2024-09-05 09:50:00-04:00,342.2,2024-09-05 10:15:00-04:00,344.41,12.66,Take Profit
AON,2024-09-20 14:45:00-04:00,343.17,2024-09-20 16:00:00-04:00,343.87,3.85,EOD Close
AON,2024-10-03 09:50:00-04:00,343.94,2024-10-03 10:10:00-04:00,345.24,7.35,Take Profit
AON,2025-02-06 14:30:00-05:00,381.06,2025-02-06 15:30:00-05:00,382.18,5.69,Take Profit
AON,2025-02-27 14:35:00-05:00,402.31,2025-02-27 15:00:00-05:00,400.72,-8.12,Stop Loss
AON,2025-03-12 09:45:00-04:00,391.92,2025-03-12 12:45:00-04:00,395.36,17.35,Time Stop
AON,2025-05-05 09:45:00-04:00,350.85,2025-05-05 10:35:00-04:00,353.62,15.58,Take Profit
AON,2025-05-23 09:50:00-04:00,350.84,2025-05-23 11:20:00-04:00,353.38,14.24,Take Profit
AON,2025-07-23 09:45:00-04:00,350.44,2025-07-23 11:25:00-04:00,352.25,10.11,Take Profit
AON,2025-08-12 10:15:00-04:00,362.55,2025-08-12 11:15:00-04:00,360.37,-12.24,Stop Loss
AON,2025-09-10 14:00:00-04:00,360.4,2025-09-10 14:35:00-04:00,361.73,7.18,Take Profit
AON,2025-10-20 09:50:00-04:00,343.98,2025-10-20 10:15:00-04:00,342.69,-7.73,Stop Loss
AON,2025-11-12 10:05:00-05:00,346.19,2025-11-12 11:10:00-05:00,348.27,11.79,Take Profit
AON,2025-11-17 09:45:00-05:00,347.24,2025-11-17 10:00:00-05:00,349.06,10.23,Take Profit
AON,2025-11-19 09:50:00-05:00,344.88,2025-11-19 10:40:00-05:00,343.04,-10.88,Stop Loss
AON,2026-02-23 09:45:00-05:00,322.0,2026-02-23 10:05:00-05:00,320.15,-11.75,Stop Loss
AON,2026-03-03 09:45:00-05:00,333.46,2026-03-03 12:45:00-05:00,334.18,4.02,Time Stop
AON,2026-03-10 14:15:00-04:00,322.58,2026-03-10 16:00:00-04:00,320.96,-10.29,EOD Close
AON,2026-04-01 09:45:00-04:00,318.86,2026-04-01 10:00:00-04:00,321.72,17.69,Take Profit
