Ticker,Entry Time,Exit Time,Entry Price,Exit Price,Exit Reason,Shares,PnL
SPOT,2024-04-11 15:00:00-04:00,2024-04-11 15:45:00-04:00,305.02,304.63,EOD Cutoff,3.2785,-1.28
SPOT,2024-04-23 13:35:00-04:00,2024-04-23 14:00:00-04:00,315.52,312.95,SL / Trail Exit,3.1694,-8.15
SPOT,2024-05-02 13:25:00-04:00,2024-05-02 14:45:00-04:00,290.52,293.2,TP (3R Target),3.4421,9.22
SPOT,2024-05-07 13:20:00-04:00,2024-05-07 14:05:00-04:00,299.12,298.08,SL / Trail Exit,3.3431,-3.48
SPOT,2024-05-07 14:45:00-04:00,2024-05-07 15:45:00-04:00,298.36,298.49,EOD Cutoff,3.3517,0.44
SPOT,2024-05-09 14:50:00-04:00,2024-05-09 15:45:00-04:00,299.51,299.07,EOD Cutoff,3.3388,-1.46
SPOT,2024-05-15 13:25:00-04:00,2024-05-15 15:15:00-04:00,299.42,301.71,TP (3R Target),3.3398,7.63
SPOT,2024-05-20 13:40:00-04:00,2024-05-20 14:05:00-04:00,307.37,306.15,SL / Trail Exit,3.2534,-3.97
SPOT,2024-05-20 14:45:00-04:00,2024-05-20 15:45:00-04:00,307.65,307.37,EOD Cutoff,3.2504,-0.93
SPOT,2024-05-28 13:10:00-04:00,2024-05-28 14:10:00-04:00,310.09,310.03,Time Stop (Stagnant),3.2249,-0.19
SPOT,2024-05-28 14:55:00-04:00,2024-05-28 15:20:00-04:00,309.52,308.73,SL / Trail Exit,3.2308,-2.57
SPOT,2024-06-04 13:00:00-04:00,2024-06-04 14:20:00-04:00,321.71,322.05,SL / Trail Exit,3.1084,1.04
SPOT,2024-06-04 14:30:00-04:00,2024-06-04 15:00:00-04:00,321.52,321.44,SL / Trail Exit,3.1102,-0.26
SPOT,2024-06-04 15:05:00-04:00,2024-06-04 15:45:00-04:00,321.92,326.0,EOD Cutoff,3.1064,12.67
SPOT,2024-06-12 13:10:00-04:00,2024-06-12 14:00:00-04:00,312.52,311.61,SL / Trail Exit,3.1998,-2.93
SPOT,2024-06-12 14:30:00-04:00,2024-06-12 15:15:00-04:00,312.85,315.72,TP (3R Target),3.1964,9.16
SPOT,2024-06-25 13:05:00-04:00,2024-06-25 13:45:00-04:00,317.99,322.53,TP (3R Target),3.1448,14.26
SPOT,2024-06-26 13:45:00-04:00,2024-06-26 14:50:00-04:00,319.71,319.6,Time Stop (Stagnant),3.1278,-0.36
SPOT,2024-06-26 15:05:00-04:00,2024-06-26 15:45:00-04:00,319.3,319.1,EOD Cutoff,3.1319,-0.63
SPOT,2024-07-25 13:00:00-04:00,2024-07-25 13:20:00-04:00,336.02,333.73,SL / Trail Exit,2.976,-6.82
SPOT,2024-07-30 13:00:00-04:00,2024-07-30 15:25:00-04:00,329.16,330.98,SL / Trail Exit,3.038,5.51
SPOT,2024-07-31 13:25:00-04:00,2024-07-31 14:45:00-04:00,338.69,341.9,TP (3R Target),2.9526,9.48
SPOT,2024-08-06 15:10:00-04:00,2024-08-06 15:45:00-04:00,328.64,328.33,EOD Cutoff,3.0428,-0.94
SPOT,2024-08-08 15:05:00-04:00,2024-08-08 15:30:00-04:00,339.02,337.68,SL / Trail Exit,2.9497,-3.95
SPOT,2024-08-12 13:20:00-04:00,2024-08-12 13:45:00-04:00,341.29,340.35,SL / Trail Exit,2.93,-2.77
SPOT,2024-08-12 14:35:00-04:00,2024-08-12 15:40:00-04:00,341.05,340.84,Time Stop (Stagnant),2.9321,-0.62
SPOT,2024-08-20 14:35:00-04:00,2024-08-20 15:45:00-04:00,345.32,345.97,EOD Cutoff,2.8959,1.88
SPOT,2024-08-21 14:30:00-04:00,2024-08-21 14:55:00-04:00,346.77,345.88,SL / Trail Exit,2.8838,-2.57
SPOT,2024-08-29 13:55:00-04:00,2024-08-29 14:35:00-04:00,342.05,340.75,SL / Trail Exit,2.9235,-3.8
SPOT,2024-09-10 13:00:00-04:00,2024-09-10 15:35:00-04:00,326.21,325.8,SL / Trail Exit,3.0655,-1.29
SPOT,2024-09-11 13:45:00-04:00,2024-09-11 14:50:00-04:00,335.79,336.17,SL / Trail Exit,2.9781,1.12
SPOT,2024-09-12 13:30:00-04:00,2024-09-12 14:30:00-04:00,339.25,339.03,Time Stop (Stagnant),2.9476,-0.68
SPOT,2024-09-17 13:25:00-04:00,2024-09-17 14:25:00-04:00,342.17,341.83,Time Stop (Stagnant),2.9225,-0.99
SPOT,2024-09-17 14:30:00-04:00,2024-09-17 15:45:00-04:00,341.97,342.4,EOD Cutoff,2.9242,1.24
SPOT,2024-09-18 13:10:00-04:00,2024-09-18 14:05:00-04:00,344.95,344.54,SL / Trail Exit,2.8989,-1.19
SPOT,2024-09-18 14:30:00-04:00,2024-09-18 14:35:00-04:00,344.58,343.26,SL / Trail Exit,2.9021,-3.83
SPOT,2024-09-18 14:50:00-04:00,2024-09-18 15:00:00-04:00,344.48,342.33,SL / Trail Exit,2.9029,-6.27
SPOT,2024-09-19 14:35:00-04:00,2024-09-19 15:05:00-04:00,362.98,361.79,SL / Trail Exit,2.755,-3.28
SPOT,2024-09-23 13:40:00-04:00,2024-09-23 15:40:00-04:00,369.17,369.21,SL / Trail Exit,2.7088,0.11
SPOT,2024-09-24 14:50:00-04:00,2024-09-24 15:35:00-04:00,380.94,380.48,SL / Trail Exit,2.6251,-1.22
SPOT,2024-10-03 13:20:00-04:00,2024-10-03 13:30:00-04:00,374.6,373.64,SL / Trail Exit,2.6695,-2.57
SPOT,2024-10-03 15:15:00-04:00,2024-10-03 15:30:00-04:00,373.88,373.28,SL / Trail Exit,2.6747,-1.59
SPOT,2024-10-08 14:35:00-04:00,2024-10-08 14:40:00-04:00,370.5,369.85,SL / Trail Exit,2.6991,-1.74
SPOT,2024-10-08 14:50:00-04:00,2024-10-08 15:25:00-04:00,370.19,369.61,SL / Trail Exit,2.7013,-1.57
SPOT,2024-10-28 13:00:00-04:00,2024-10-28 13:10:00-04:00,386.3,385.15,SL / Trail Exit,2.5887,-2.99
SPOT,2024-10-28 13:20:00-04:00,2024-10-28 13:55:00-04:00,386.47,385.41,SL / Trail Exit,2.5875,-2.74
SPOT,2024-10-29 13:30:00-04:00,2024-10-29 13:50:00-04:00,396.74,394.86,SL / Trail Exit,2.5205,-4.74
SPOT,2024-10-29 13:55:00-04:00,2024-10-29 14:50:00-04:00,396.11,393.68,SL / Trail Exit,2.5245,-6.14
SPOT,2024-10-29 15:00:00-04:00,2024-10-29 15:20:00-04:00,392.93,391.13,SL / Trail Exit,2.545,-4.58
SPOT,2024-10-30 13:50:00-04:00,2024-10-30 15:45:00-04:00,393.75,393.58,EOD Cutoff,2.5397,-0.43
SPOT,2024-11-06 14:40:00-05:00,2024-11-06 15:10:00-05:00,384.42,388.08,TP (3R Target),2.6013,9.51
SPOT,2024-11-07 13:00:00-05:00,2024-11-07 14:00:00-05:00,400.37,399.84,Time Stop (Stagnant),2.4977,-1.32
SPOT,2024-11-07 14:30:00-05:00,2024-11-07 14:50:00-05:00,401.42,400.28,SL / Trail Exit,2.4911,-2.85
SPOT,2024-11-07 14:55:00-05:00,2024-11-07 15:35:00-05:00,401.33,400.55,SL / Trail Exit,2.4917,-1.96
SPOT,2024-11-12 15:05:00-05:00,2024-11-12 15:45:00-05:00,416.21,418.62,EOD Cutoff,2.4026,5.79
SPOT,2024-11-13 14:40:00-05:00,2024-11-13 15:45:00-05:00,468.19,466.35,EOD Cutoff,2.1359,-3.93
SPOT,2024-11-21 13:00:00-05:00,2024-11-21 13:10:00-05:00,470.8,470.14,SL / Trail Exit,2.124,-1.4
SPOT,2024-11-21 13:15:00-05:00,2024-11-21 15:45:00-05:00,470.76,473.07,EOD Cutoff,2.1242,4.91
SPOT,2024-11-26 13:10:00-05:00,2024-11-26 13:50:00-05:00,479.69,477.81,SL / Trail Exit,2.0847,-3.92
SPOT,2024-12-04 14:35:00-05:00,2024-12-04 14:50:00-05:00,501.79,499.81,SL / Trail Exit,1.9928,-3.95
SPOT,2024-12-12 13:35:00-05:00,2024-12-12 13:55:00-05:00,483.96,482.5,SL / Trail Exit,2.0663,-3.02
SPOT,2025-01-02 13:40:00-05:00,2025-01-02 13:50:00-05:00,454.61,452.78,SL / Trail Exit,2.1997,-4.03
SPOT,2025-01-02 15:00:00-05:00,2025-01-02 15:45:00-05:00,456.82,456.23,EOD Cutoff,2.189,-1.3
SPOT,2025-01-06 14:30:00-05:00,2025-01-06 15:45:00-05:00,466.47,468.3,EOD Cutoff,2.1438,3.93
SPOT,2025-01-07 13:00:00-05:00,2025-01-07 13:45:00-05:00,467.56,465.22,SL / Trail Exit,2.1388,-5.0
SPOT,2025-01-08 13:55:00-05:00,2025-01-08 14:55:00-05:00,478.52,478.05,SL / Trail Exit,2.0898,-0.99
SPOT,2025-01-08 15:00:00-05:00,2025-01-08 15:35:00-05:00,479.39,477.02,SL / Trail Exit,2.086,-4.94
SPOT,2025-01-23 13:00:00-05:00,2025-01-23 14:10:00-05:00,498.25,497.83,SL / Trail Exit,2.007,-0.84
SPOT,2025-01-23 14:30:00-05:00,2025-01-23 15:45:00-05:00,497.99,499.92,EOD Cutoff,2.0081,3.87
SPOT,2025-01-27 13:45:00-05:00,2025-01-27 14:40:00-05:00,509.57,509.55,SL / Trail Exit,1.9624,-0.04
SPOT,2025-01-27 15:05:00-05:00,2025-01-27 15:45:00-05:00,508.4,513.06,EOD Cutoff,1.967,9.16
SPOT,2025-02-03 13:00:00-05:00,2025-02-03 14:00:00-05:00,551.53,550.2,Time Stop (Stagnant),1.8131,-2.42
SPOT,2025-02-03 15:10:00-05:00,2025-02-03 15:40:00-05:00,550.98,547.88,SL / Trail Exit,1.815,-5.63
SPOT,2025-02-04 14:35:00-05:00,2025-02-04 15:45:00-05:00,614.82,620.49,EOD Cutoff,1.6265,9.21
SPOT,2025-02-06 13:15:00-05:00,2025-02-06 14:15:00-05:00,625.01,624.28,Time Stop (Stagnant),1.6,-1.17
SPOT,2025-02-10 13:00:00-05:00,2025-02-10 14:10:00-05:00,633.09,638.22,TP (3R Target),1.5796,8.1
SPOT,2025-02-13 14:30:00-05:00,2025-02-13 15:30:00-05:00,648.9,648.53,Time Stop (Stagnant),1.5411,-0.57
SPOT,2025-02-19 13:15:00-05:00,2025-02-19 15:00:00-05:00,639.87,639.46,Time Stop (Stagnant),1.5628,-0.64
SPOT,2025-02-26 13:05:00-05:00,2025-02-26 13:25:00-05:00,604.42,601.9,SL / Trail Exit,1.6545,-4.18
SPOT,2025-02-26 13:50:00-05:00,2025-02-26 14:10:00-05:00,602.81,600.16,SL / Trail Exit,1.6589,-4.4
SPOT,2025-02-26 14:35:00-05:00,2025-02-26 14:55:00-05:00,602.65,599.24,SL / Trail Exit,1.6593,-5.65
SPOT,2025-02-27 13:15:00-05:00,2025-02-27 13:55:00-05:00,606.6,603.46,SL / Trail Exit,1.6485,-5.18
SPOT,2025-03-03 13:55:00-05:00,2025-03-03 14:50:00-05:00,609.12,605.01,SL / Trail Exit,1.6417,-6.74
SPOT,2025-03-12 13:05:00-04:00,2025-03-12 13:55:00-04:00,535.52,530.25,SL / Trail Exit,1.8673,-9.84
SPOT,2025-03-12 15:10:00-04:00,2025-03-12 15:35:00-04:00,535.6,532.95,SL / Trail Exit,1.8671,-4.94
SPOT,2025-03-19 13:30:00-04:00,2025-03-19 14:35:00-04:00,584.6,586.6,SL / Trail Exit,1.7106,3.41
SPOT,2025-03-19 14:40:00-04:00,2025-03-19 15:10:00-04:00,587.72,590.12,SL / Trail Exit,1.7015,4.08
SPOT,2025-03-20 14:45:00-04:00,2025-03-20 15:45:00-04:00,592.7,597.68,EOD Cutoff,1.6872,8.39
SPOT,2025-04-03 14:40:00-04:00,2025-04-03 15:45:00-04:00,557.19,556.72,EOD Cutoff,1.7947,-0.84
SPOT,2025-06-23 15:10:00-04:00,2025-06-23 15:45:00-04:00,729.99,731.35,EOD Cutoff,1.3699,1.86
SPOT,2025-07-14 13:15:00-04:00,2025-07-14 14:15:00-04:00,718.05,717.32,Time Stop (Stagnant),1.3927,-1.03
SPOT,2025-07-14 15:05:00-04:00,2025-07-14 15:40:00-04:00,718.66,716.28,SL / Trail Exit,1.3915,-3.31
SPOT,2025-07-21 13:25:00-04:00,2025-07-21 14:10:00-04:00,705.15,704.35,SL / Trail Exit,1.4181,-1.14
SPOT,2025-07-21 14:45:00-04:00,2025-07-21 15:30:00-04:00,703.91,701.32,SL / Trail Exit,1.4206,-3.68
SPOT,2025-07-28 13:10:00-04:00,2025-07-28 14:10:00-04:00,699.52,699.14,Time Stop (Stagnant),1.4296,-0.54
SPOT,2025-07-28 15:00:00-04:00,2025-07-28 15:45:00-04:00,699.26,700.72,EOD Cutoff,1.4301,2.08
SPOT,2025-08-14 13:00:00-04:00,2025-08-14 14:55:00-04:00,703.11,702.35,SL / Trail Exit,1.4223,-1.07
SPOT,2025-08-18 14:50:00-04:00,2025-08-18 15:20:00-04:00,731.7,728.91,SL / Trail Exit,1.3667,-3.81
SPOT,2025-08-19 13:30:00-04:00,2025-08-19 13:50:00-04:00,727.81,724.57,SL / Trail Exit,1.374,-4.45
SPOT,2025-08-19 13:55:00-04:00,2025-08-19 14:50:00-04:00,727.03,723.97,SL / Trail Exit,1.3755,-4.21
SPOT,2025-09-04 14:55:00-04:00,2025-09-04 15:20:00-04:00,706.33,706.12,SL / Trail Exit,1.4158,-0.3
SPOT,2025-09-09 13:05:00-04:00,2025-09-09 14:10:00-04:00,718.94,718.55,Time Stop (Stagnant),1.3909,-0.54
SPOT,2025-09-09 14:35:00-04:00,2025-09-09 15:30:00-04:00,719.04,717.01,SL / Trail Exit,1.3907,-2.82
SPOT,2025-09-15 13:50:00-04:00,2025-09-15 14:40:00-04:00,710.21,706.29,SL / Trail Exit,1.408,-5.52
SPOT,2025-09-16 13:05:00-04:00,2025-09-16 14:00:00-04:00,702.12,701.39,SL / Trail Exit,1.4243,-1.04
SPOT,2025-09-16 14:55:00-04:00,2025-09-16 15:45:00-04:00,703.53,703.45,EOD Cutoff,1.4214,-0.11
SPOT,2025-09-18 13:05:00-04:00,2025-09-18 14:05:00-04:00,743.54,741.84,Time Stop (Stagnant),1.3449,-2.29
SPOT,2025-09-18 14:30:00-04:00,2025-09-18 15:00:00-04:00,739.73,737.13,SL / Trail Exit,1.3519,-3.51
SPOT,2025-09-22 13:15:00-04:00,2025-09-22 14:10:00-04:00,734.34,735.7,SL / Trail Exit,1.3618,1.85
SPOT,2025-09-29 13:20:00-04:00,2025-09-29 14:20:00-04:00,725.01,724.71,Time Stop (Stagnant),1.3793,-0.41
SPOT,2025-09-29 14:30:00-04:00,2025-09-29 15:30:00-04:00,725.28,724.76,Time Stop (Stagnant),1.3788,-0.71
SPOT,2025-10-02 13:25:00-04:00,2025-10-02 14:05:00-04:00,707.7,707.58,SL / Trail Exit,1.413,-0.18
SPOT,2025-10-02 15:10:00-04:00,2025-10-02 15:35:00-04:00,710.28,709.45,SL / Trail Exit,1.4079,-1.17
SPOT,2026-03-03 13:00:00-05:00,2026-03-03 13:55:00-05:00,521.7,523.88,SL / Trail Exit,1.9168,4.19
SPOT,2026-03-04 13:55:00-05:00,2026-03-04 15:05:00-05:00,538.29,535.43,SL / Trail Exit,1.8577,-5.32
SPOT,2026-03-05 15:05:00-05:00,2026-03-05 15:45:00-05:00,550.15,553.18,EOD Cutoff,1.8177,5.49
UBER,2024-04-16 14:30:00-04:00,2024-04-16 15:30:00-04:00,74.17,73.97,Time Stop (Stagnant),13.4825,-2.7
UBER,2024-05-02 13:10:00-04:00,2024-05-02 14:10:00-04:00,68.55,68.39,Time Stop (Stagnant),14.5876,-2.35
UBER,2024-05-02 15:05:00-04:00,2024-05-02 15:35:00-04:00,68.49,68.27,SL / Trail Exit,14.6007,-3.21
UBER,2024-05-06 13:30:00-04:00,2024-05-06 14:05:00-04:00,71.84,71.53,SL / Trail Exit,13.9198,-4.32
UBER,2024-05-06 14:35:00-04:00,2024-05-06 15:05:00-04:00,71.83,71.54,SL / Trail Exit,13.9218,-4.11
UBER,2024-05-09 13:25:00-04:00,2024-05-09 14:15:00-04:00,68.05,67.72,SL / Trail Exit,14.6951,-4.85
UBER,2024-05-09 14:50:00-04:00,2024-05-09 15:25:00-04:00,68.0,67.66,SL / Trail Exit,14.7048,-5.07
UBER,2024-05-16 14:40:00-04:00,2024-05-16 15:05:00-04:00,66.88,66.66,SL / Trail Exit,14.951,-3.36
UBER,2024-05-29 14:40:00-04:00,2024-05-29 14:45:00-04:00,65.09,64.86,SL / Trail Exit,15.3633,-3.5
UBER,2024-06-04 15:10:00-04:00,2024-06-04 15:45:00-04:00,64.42,64.21,EOD Cutoff,15.5231,-3.26
UBER,2024-06-05 13:35:00-04:00,2024-06-05 14:05:00-04:00,65.81,65.56,SL / Trail Exit,15.1953,-3.72
UBER,2024-06-05 14:35:00-04:00,2024-06-05 15:35:00-04:00,65.74,65.67,Time Stop (Stagnant),15.2114,-1.13
UBER,2024-06-06 14:30:00-04:00,2024-06-06 15:45:00-04:00,68.36,68.6,EOD Cutoff,14.6284,3.51
UBER,2024-06-17 13:50:00-04:00,2024-06-17 14:50:00-04:00,70.49,70.22,SL / Trail Exit,14.1864,-3.9
UBER,2024-06-17 15:10:00-04:00,2024-06-17 15:45:00-04:00,70.44,70.5,EOD Cutoff,14.1965,0.78
UBER,2024-06-24 14:45:00-04:00,2024-06-24 15:45:00-04:00,70.64,70.71,EOD Cutoff,14.1563,0.99
UBER,2024-07-09 13:00:00-04:00,2024-07-09 13:20:00-04:00,71.99,71.65,SL / Trail Exit,13.8899,-4.76
UBER,2024-07-09 15:05:00-04:00,2024-07-09 15:10:00-04:00,71.68,71.48,SL / Trail Exit,13.9509,-2.72
UBER,2024-07-22 13:20:00-04:00,2024-07-22 14:20:00-04:00,67.61,67.57,Time Stop (Stagnant),14.7907,-0.59
UBER,2024-07-25 13:35:00-04:00,2024-07-25 14:35:00-04:00,66.95,66.55,Time Stop (Stagnant),14.9365,-6.05
UBER,2024-07-25 15:10:00-04:00,2024-07-25 15:35:00-04:00,66.59,66.51,SL / Trail Exit,15.0173,-1.2
UBER,2024-07-31 13:10:00-04:00,2024-07-31 13:30:00-04:00,64.94,64.6,SL / Trail Exit,15.3976,-5.31
UBER,2024-07-31 13:40:00-04:00,2024-07-31 15:15:00-04:00,64.77,64.68,SL / Trail Exit,15.4404,-1.31
UBER,2024-08-07 13:00:00-04:00,2024-08-07 13:45:00-04:00,67.96,67.45,SL / Trail Exit,14.7145,-7.5
UBER,2024-08-12 13:05:00-04:00,2024-08-12 15:45:00-04:00,68.78,69.12,EOD Cutoff,14.5391,5.02
UBER,2024-08-13 13:05:00-04:00,2024-08-13 13:55:00-04:00,70.1,70.67,TP (3R Target),14.2653,8.13
UBER,2024-08-14 13:05:00-04:00,2024-08-14 14:00:00-04:00,71.74,71.44,SL / Trail Exit,13.9392,-4.25
UBER,2024-08-14 14:35:00-04:00,2024-08-14 15:45:00-04:00,71.59,71.77,EOD Cutoff,13.9684,2.44
UBER,2024-09-09 13:45:00-04:00,2024-09-09 13:50:00-04:00,70.8,70.56,SL / Trail Exit,14.1233,-3.39
UBER,2024-09-18 13:25:00-04:00,2024-09-18 14:10:00-04:00,73.65,73.66,SL / Trail Exit,13.5777,0.14
UBER,2024-09-18 15:05:00-04:00,2024-09-18 15:45:00-04:00,73.78,73.68,EOD Cutoff,13.5538,-1.36
UBER,2024-09-24 14:45:00-04:00,2024-09-24 15:10:00-04:00,77.15,76.95,SL / Trail Exit,12.9618,-2.53
UBER,2024-09-25 14:40:00-04:00,2024-09-25 15:30:00-04:00,77.7,77.42,SL / Trail Exit,12.87,-3.54
UBER,2024-10-08 15:10:00-04:00,2024-10-08 15:45:00-04:00,76.34,76.31,EOD Cutoff,13.0993,-0.39
UBER,2024-10-09 13:20:00-04:00,2024-10-09 14:35:00-04:00,77.66,77.59,Time Stop (Stagnant),12.8758,-0.97
UBER,2024-10-09 15:00:00-04:00,2024-10-09 15:35:00-04:00,77.57,77.52,SL / Trail Exit,12.8916,-0.64
UBER,2024-10-10 13:10:00-04:00,2024-10-10 13:50:00-04:00,77.86,77.79,SL / Trail Exit,12.8427,-0.96
UBER,2024-10-10 13:55:00-04:00,2024-10-10 14:20:00-04:00,78.0,77.78,SL / Trail Exit,12.8197,-2.88
UBER,2024-10-14 15:05:00-04:00,2024-10-14 15:20:00-04:00,85.11,84.89,SL / Trail Exit,11.7495,-2.58
UBER,2024-10-21 13:50:00-04:00,2024-10-21 14:15:00-04:00,80.44,80.28,SL / Trail Exit,12.4309,-2.11
UBER,2024-10-21 14:30:00-04:00,2024-10-21 14:40:00-04:00,80.22,80.06,SL / Trail Exit,12.4657,-1.99
UBER,2024-10-21 15:10:00-04:00,2024-10-21 15:45:00-04:00,80.28,80.44,EOD Cutoff,12.4564,1.99
UBER,2024-10-22 13:40:00-04:00,2024-10-22 14:05:00-04:00,80.72,80.46,SL / Trail Exit,12.3886,-3.24
UBER,2024-10-22 14:35:00-04:00,2024-10-22 15:00:00-04:00,80.59,80.36,SL / Trail Exit,12.4077,-2.87
UBER,2024-10-30 13:15:00-04:00,2024-10-30 13:25:00-04:00,79.72,79.54,SL / Trail Exit,12.5439,-2.26
UBER,2024-10-30 14:35:00-04:00,2024-10-30 15:40:00-04:00,79.72,79.54,SL / Trail Exit,12.5439,-2.32
UBER,2024-11-04 13:30:00-05:00,2024-11-04 14:25:00-05:00,73.59,73.32,SL / Trail Exit,13.5884,-3.7
UBER,2024-11-04 14:30:00-05:00,2024-11-04 15:10:00-05:00,73.52,73.31,SL / Trail Exit,13.6017,-2.86
UBER,2024-11-06 14:50:00-05:00,2024-11-06 15:45:00-05:00,73.89,74.54,EOD Cutoff,13.5327,8.73
UBER,2024-11-20 14:45:00-05:00,2024-11-20 15:00:00-05:00,69.42,69.24,SL / Trail Exit,14.4054,-2.57
UBER,2024-11-20 15:05:00-05:00,2024-11-20 15:45:00-05:00,69.36,69.42,EOD Cutoff,14.4178,0.88
UBER,2024-11-21 14:40:00-05:00,2024-11-21 15:40:00-05:00,69.96,69.92,Time Stop (Stagnant),14.2939,-0.5
UBER,2024-12-02 13:25:00-05:00,2024-12-02 14:05:00-05:00,73.19,72.92,SL / Trail Exit,13.6631,-3.65
UBER,2024-12-04 15:15:00-05:00,2024-12-04 15:45:00-05:00,72.15,72.19,EOD Cutoff,13.86,0.49
UBER,2024-12-17 15:05:00-05:00,2024-12-17 15:45:00-05:00,60.89,60.81,EOD Cutoff,16.4231,-1.31
UBER,2024-12-18 13:05:00-05:00,2024-12-18 14:05:00-05:00,63.09,62.7,SL / Trail Exit,15.8516,-6.1
UBER,2024-12-18 14:30:00-05:00,2024-12-18 14:50:00-05:00,63.08,62.61,SL / Trail Exit,15.8529,-7.39
UBER,2025-01-02 13:05:00-05:00,2025-01-02 13:20:00-05:00,62.69,62.31,SL / Trail Exit,15.9516,-6.06
UBER,2025-01-02 13:25:00-05:00,2025-01-02 15:45:00-05:00,62.48,63.06,EOD Cutoff,16.0051,9.28
UBER,2025-01-15 13:00:00-05:00,2025-01-15 15:45:00-05:00,66.83,67.07,EOD Cutoff,14.9633,3.59
UBER,2025-01-22 13:05:00-05:00,2025-01-22 13:15:00-05:00,68.41,68.23,SL / Trail Exit,14.6177,-2.63
UBER,2025-01-22 13:35:00-05:00,2025-01-22 14:05:00-05:00,68.28,68.05,SL / Trail Exit,14.6456,-3.37
UBER,2025-01-23 13:00:00-05:00,2025-01-23 15:00:00-05:00,67.97,68.24,TP (3R Target),14.7124,3.97
UBER,2025-01-27 13:00:00-05:00,2025-01-27 13:55:00-05:00,69.19,68.94,SL / Trail Exit,14.4519,-3.76
UBER,2025-02-04 14:40:00-05:00,2025-02-04 14:50:00-05:00,69.95,69.73,SL / Trail Exit,14.2959,-3.14
UBER,2025-02-04 15:00:00-05:00,2025-02-04 15:45:00-05:00,69.87,69.83,EOD Cutoff,14.3123,-0.57
UBER,2025-02-06 14:35:00-05:00,2025-02-06 14:55:00-05:00,69.81,69.36,SL / Trail Exit,14.3236,-6.52
UBER,2025-02-06 15:00:00-05:00,2025-02-06 15:45:00-05:00,69.55,69.84,EOD Cutoff,14.3781,4.1
UBER,2025-02-12 13:45:00-05:00,2025-02-12 15:10:00-05:00,79.45,79.58,SL / Trail Exit,12.5857,1.57
UBER,2025-02-13 13:25:00-05:00,2025-02-13 15:15:00-05:00,79.4,80.23,TP (3R Target),12.5945,10.43
UBER,2025-02-18 13:10:00-05:00,2025-02-18 14:10:00-05:00,81.11,80.95,Time Stop (Stagnant),12.3289,-1.97
UBER,2025-02-18 14:30:00-05:00,2025-02-18 15:45:00-05:00,81.08,81.31,EOD Cutoff,12.3335,2.84
UBER,2025-02-27 13:10:00-05:00,2025-02-27 14:05:00-05:00,77.12,76.23,SL / Trail Exit,12.9668,-11.54
UBER,2025-03-05 13:00:00-05:00,2025-03-05 13:05:00-05:00,75.7,75.2,SL / Trail Exit,13.21,-6.61
UBER,2025-03-05 13:25:00-05:00,2025-03-05 14:50:00-05:00,75.57,76.67,TP (3R Target),13.2328,14.56
UBER,2025-03-06 13:20:00-05:00,2025-03-06 13:30:00-05:00,76.33,75.92,SL / Trail Exit,13.101,-5.44
UBER,2025-03-19 13:30:00-04:00,2025-03-19 14:10:00-04:00,72.18,72.7,TP (3R Target),13.8543,7.13
UBER,2025-03-20 15:15:00-04:00,2025-03-20 15:45:00-04:00,74.35,74.43,EOD Cutoff,13.4499,1.08
UBER,2025-03-27 15:00:00-04:00,2025-03-27 15:45:00-04:00,74.89,74.83,EOD Cutoff,13.3529,-0.8
UBER,2025-06-23 15:00:00-04:00,2025-06-23 15:45:00-04:00,84.75,84.85,EOD Cutoff,11.7994,1.18
UBER,2025-06-24 14:45:00-04:00,2025-06-24 15:30:00-04:00,92.06,91.61,SL / Trail Exit,10.8619,-4.94
UBER,2025-06-26 15:10:00-04:00,2025-06-26 15:20:00-04:00,94.22,93.45,SL / Trail Exit,10.6129,-8.23
UBER,2025-07-07 15:05:00-04:00,2025-07-07 15:45:00-04:00,96.38,96.66,EOD Cutoff,10.3756,2.85
UBER,2025-07-08 13:10:00-04:00,2025-07-08 14:20:00-04:00,96.74,96.65,SL / Trail Exit,10.337,-0.93
UBER,2025-07-08 14:30:00-04:00,2025-07-08 15:45:00-04:00,96.9,97.27,EOD Cutoff,10.3202,3.89
UBER,2025-07-22 13:40:00-04:00,2025-07-22 14:40:00-04:00,91.49,92.08,TP (3R Target),10.9296,6.39
UBER,2025-08-07 13:00:00-04:00,2025-08-07 15:30:00-04:00,90.24,91.83,TP (3R Target),11.0816,17.56
UBER,2025-08-11 13:45:00-04:00,2025-08-11 15:20:00-04:00,90.81,90.75,SL / Trail Exit,11.012,-0.66
UBER,2025-08-26 13:45:00-04:00,2025-08-26 15:20:00-04:00,96.02,96.66,TP (3R Target),10.4145,6.61
UBER,2025-09-09 13:05:00-04:00,2025-09-09 13:40:00-04:00,94.56,94.53,SL / Trail Exit,10.5747,-0.42
UBER,2025-09-09 13:55:00-04:00,2025-09-09 14:05:00-04:00,94.52,94.19,SL / Trail Exit,10.5798,-3.49
UBER,2025-09-09 14:30:00-04:00,2025-09-09 15:40:00-04:00,94.53,95.26,TP (3R Target),10.5781,7.62
UBER,2025-09-15 13:10:00-04:00,2025-09-15 14:35:00-04:00,97.76,97.81,SL / Trail Exit,10.2291,0.56
UBER,2025-09-15 14:45:00-04:00,2025-09-15 15:45:00-04:00,97.8,98.46,EOD Cutoff,10.2249,6.75
UBER,2025-09-18 15:05:00-04:00,2025-09-18 15:45:00-04:00,94.56,94.35,EOD Cutoff,10.5747,-2.27
UBER,2025-10-06 13:25:00-04:00,2025-10-06 15:10:00-04:00,100.76,100.79,SL / Trail Exit,9.9246,0.3
UBER,2025-10-08 14:50:00-04:00,2025-10-08 15:45:00-04:00,99.19,99.29,EOD Cutoff,10.0812,0.96
UBER,2025-10-28 13:30:00-04:00,2025-10-28 13:45:00-04:00,96.38,97.28,TP (3R Target),10.3756,9.29
UBER,2026-03-17 15:05:00-04:00,2026-03-17 15:45:00-04:00,78.52,78.28,EOD Cutoff,12.7356,-3.06
DDOG,2024-04-09 13:05:00-04:00,2024-04-09 14:05:00-04:00,125.75,125.47,Time Stop (Stagnant),7.9523,-2.23
DDOG,2024-04-11 13:05:00-04:00,2024-04-11 14:50:00-04:00,129.41,129.72,SL / Trail Exit,7.7274,2.36
DDOG,2024-04-11 15:15:00-04:00,2024-04-11 15:45:00-04:00,130.04,131.14,EOD Cutoff,7.6899,8.46
DDOG,2024-04-24 13:10:00-04:00,2024-04-24 14:10:00-04:00,127.03,126.88,Time Stop (Stagnant),7.8722,-1.22
DDOG,2024-04-24 14:50:00-04:00,2024-04-24 15:45:00-04:00,127.18,127.19,EOD Cutoff,7.8629,0.04
DDOG,2024-05-06 14:40:00-04:00,2024-05-06 15:40:00-04:00,125.58,125.71,SL / Trail Exit,7.9631,1.04
DDOG,2024-05-08 13:30:00-04:00,2024-05-08 14:30:00-04:00,117.0,116.58,Time Stop (Stagnant),8.547,-3.63
DDOG,2024-05-08 14:40:00-04:00,2024-05-08 15:25:00-04:00,116.98,116.34,SL / Trail Exit,8.5485,-5.47
DDOG,2024-05-13 15:15:00-04:00,2024-05-13 15:35:00-04:00,118.87,118.51,SL / Trail Exit,8.4126,-3.07
DDOG,2024-05-16 13:30:00-04:00,2024-05-16 14:10:00-04:00,121.46,121.0,SL / Trail Exit,8.2332,-3.79
DDOG,2024-05-16 14:40:00-04:00,2024-05-16 15:25:00-04:00,121.55,121.19,SL / Trail Exit,8.2267,-3.0
DDOG,2024-05-22 14:45:00-04:00,2024-05-22 15:45:00-04:00,122.0,122.38,EOD Cutoff,8.1967,3.07
DDOG,2024-06-11 14:35:00-04:00,2024-06-11 15:45:00-04:00,113.97,114.27,EOD Cutoff,8.7742,2.63
DDOG,2024-06-13 13:35:00-04:00,2024-06-13 13:55:00-04:00,119.65,119.24,SL / Trail Exit,8.3574,-3.47
DDOG,2024-06-13 14:30:00-04:00,2024-06-13 15:45:00-04:00,119.62,120.01,EOD Cutoff,8.3595,3.18
DDOG,2024-06-24 13:00:00-04:00,2024-06-24 13:05:00-04:00,119.73,119.33,SL / Trail Exit,8.3521,-3.34
DDOG,2024-06-25 13:50:00-04:00,2024-06-25 14:50:00-04:00,119.66,119.38,Time Stop (Stagnant),8.3567,-2.38
DDOG,2024-06-26 13:10:00-04:00,2024-06-26 13:45:00-04:00,123.71,123.34,SL / Trail Exit,8.0834,-2.99
DDOG,2024-06-26 13:50:00-04:00,2024-06-26 15:45:00-04:00,123.55,123.2,EOD Cutoff,8.0939,-2.83
DDOG,2024-07-02 13:00:00-04:00,2024-07-02 13:15:00-04:00,130.78,131.62,TP (3R Target),7.6461,6.37
DDOG,2024-07-11 14:30:00-04:00,2024-07-11 15:05:00-04:00,127.68,127.22,SL / Trail Exit,7.8321,-3.6
DDOG,2024-07-15 15:15:00-04:00,2024-07-15 15:35:00-04:00,130.03,129.58,SL / Trail Exit,7.6906,-3.45
DDOG,2024-07-16 14:40:00-04:00,2024-07-16 15:45:00-04:00,130.06,130.51,EOD Cutoff,7.6888,3.46
DDOG,2024-07-25 13:40:00-04:00,2024-07-25 14:40:00-04:00,121.21,120.84,Time Stop (Stagnant),8.2501,-3.05
DDOG,2024-07-25 15:05:00-04:00,2024-07-25 15:40:00-04:00,120.8,120.7,SL / Trail Exit,8.2781,-0.83
DDOG,2024-07-31 13:00:00-04:00,2024-07-31 13:30:00-04:00,116.93,116.46,SL / Trail Exit,8.5521,-4.02
DDOG,2024-07-31 14:50:00-04:00,2024-07-31 15:25:00-04:00,116.89,116.37,SL / Trail Exit,8.5551,-4.49
DDOG,2024-08-06 13:50:00-04:00,2024-08-06 15:00:00-04:00,106.55,106.08,SL / Trail Exit,9.3853,-4.41
DDOG,2024-08-07 15:15:00-04:00,2024-08-07 15:45:00-04:00,108.53,108.34,EOD Cutoff,9.214,-1.7
DDOG,2024-08-13 13:25:00-04:00,2024-08-13 13:30:00-04:00,114.78,114.36,SL / Trail Exit,8.7123,-3.7
DDOG,2024-08-13 14:35:00-04:00,2024-08-13 15:35:00-04:00,114.55,114.3,Time Stop (Stagnant),8.7298,-2.18
DDOG,2024-08-14 13:25:00-04:00,2024-08-14 15:10:00-04:00,114.14,114.08,Time Stop (Stagnant),8.7612,-0.53
DDOG,2024-08-19 13:05:00-04:00,2024-08-19 14:05:00-04:00,115.97,115.83,Time Stop (Stagnant),8.623,-1.2
DDOG,2024-08-19 14:30:00-04:00,2024-08-19 15:45:00-04:00,116.01,116.47,EOD Cutoff,8.6199,3.97
DDOG,2024-08-26 15:15:00-04:00,2024-08-26 15:45:00-04:00,117.11,116.83,EOD Cutoff,8.539,-2.39
DDOG,2024-08-29 13:50:00-04:00,2024-08-29 14:25:00-04:00,115.81,115.03,SL / Trail Exit,8.6348,-6.74
DDOG,2024-09-10 14:40:00-04:00,2024-09-10 15:35:00-04:00,108.22,107.86,SL / Trail Exit,9.2404,-3.33
DDOG,2024-09-11 13:25:00-04:00,2024-09-11 15:45:00-04:00,108.28,109.05,EOD Cutoff,9.2353,7.11
DDOG,2024-09-12 13:30:00-04:00,2024-09-12 14:05:00-04:00,110.41,110.16,SL / Trail Exit,9.0576,-2.22
DDOG,2024-09-12 15:15:00-04:00,2024-09-12 15:45:00-04:00,110.21,109.94,EOD Cutoff,9.0736,-2.45
DDOG,2024-09-16 13:00:00-04:00,2024-09-16 13:15:00-04:00,110.69,110.3,SL / Trail Exit,9.0342,-3.52
DDOG,2024-09-16 13:20:00-04:00,2024-09-16 14:10:00-04:00,110.49,110.71,SL / Trail Exit,9.0506,1.97
DDOG,2024-09-16 14:30:00-04:00,2024-09-16 15:30:00-04:00,110.92,110.87,Time Stop (Stagnant),9.0155,-0.45
DDOG,2024-09-23 13:30:00-04:00,2024-09-23 15:30:00-04:00,116.05,116.09,SL / Trail Exit,8.617,0.34
DDOG,2024-09-24 13:00:00-04:00,2024-09-24 13:50:00-04:00,117.4,116.97,SL / Trail Exit,8.5179,-3.66
DDOG,2024-09-24 15:15:00-04:00,2024-09-24 15:40:00-04:00,117.34,117.06,SL / Trail Exit,8.5222,-2.34
DDOG,2024-10-02 13:25:00-04:00,2024-10-02 14:25:00-04:00,115.77,115.84,SL / Trail Exit,8.6378,0.6
DDOG,2024-10-02 14:30:00-04:00,2024-10-02 14:45:00-04:00,116.19,115.78,SL / Trail Exit,8.6066,-3.53
DDOG,2024-10-02 14:50:00-04:00,2024-10-02 15:45:00-04:00,116.02,116.41,EOD Cutoff,8.6192,3.36
DDOG,2024-10-03 13:20:00-04:00,2024-10-03 13:35:00-04:00,117.9,117.46,SL / Trail Exit,8.4818,-3.73
DDOG,2024-10-03 13:40:00-04:00,2024-10-03 14:45:00-04:00,117.54,117.48,Time Stop (Stagnant),8.5077,-0.51
DDOG,2024-10-08 14:50:00-04:00,2024-10-08 15:40:00-04:00,124.29,123.8,SL / Trail Exit,8.0459,-3.92
DDOG,2024-10-09 13:05:00-04:00,2024-10-09 13:20:00-04:00,126.33,125.77,SL / Trail Exit,7.9155,-4.47
DDOG,2024-10-09 13:30:00-04:00,2024-10-09 13:50:00-04:00,125.71,125.14,SL / Trail Exit,7.9548,-4.53
DDOG,2024-10-10 14:30:00-04:00,2024-10-10 15:05:00-04:00,129.81,129.31,SL / Trail Exit,7.7036,-3.85
DDOG,2024-10-10 15:10:00-04:00,2024-10-10 15:45:00-04:00,129.66,129.59,EOD Cutoff,7.7125,-0.54
DDOG,2024-10-14 15:10:00-04:00,2024-10-14 15:45:00-04:00,129.35,129.57,EOD Cutoff,7.731,1.7
DDOG,2024-10-17 14:45:00-04:00,2024-10-17 15:35:00-04:00,126.44,126.07,SL / Trail Exit,7.9089,-2.93
DDOG,2024-10-28 13:30:00-04:00,2024-10-28 13:40:00-04:00,126.42,126.11,SL / Trail Exit,7.9101,-2.49
DDOG,2024-10-28 15:10:00-04:00,2024-10-28 15:45:00-04:00,126.38,126.36,EOD Cutoff,7.9126,-0.16
DDOG,2024-10-29 14:55:00-04:00,2024-10-29 15:30:00-04:00,128.93,128.52,SL / Trail Exit,7.7564,-3.14
DDOG,2024-10-30 14:50:00-04:00,2024-10-30 15:10:00-04:00,129.47,129.05,SL / Trail Exit,7.7238,-3.24
DDOG,2024-11-05 14:30:00-05:00,2024-11-05 14:50:00-05:00,125.83,125.34,SL / Trail Exit,7.9469,-3.89
DDOG,2024-11-07 13:50:00-05:00,2024-11-07 14:45:00-05:00,130.09,132.24,TP (3R Target),7.6873,16.6
DDOG,2024-11-14 13:20:00-05:00,2024-11-14 14:10:00-05:00,132.77,132.0,SL / Trail Exit,7.5321,-5.72
DDOG,2024-11-14 14:30:00-05:00,2024-11-14 15:30:00-05:00,132.35,131.9,SL / Trail Exit,7.5557,-3.4
DDOG,2024-11-20 13:05:00-05:00,2024-11-20 15:45:00-05:00,134.44,135.26,EOD Cutoff,7.4383,6.1
DDOG,2024-11-25 14:40:00-05:00,2024-11-25 15:20:00-05:00,156.83,156.38,SL / Trail Exit,6.3763,-2.9
DDOG,2024-12-04 13:05:00-05:00,2024-12-04 14:05:00-05:00,164.89,164.84,Time Stop (Stagnant),6.0648,-0.27
DDOG,2024-12-04 14:30:00-05:00,2024-12-04 15:45:00-05:00,165.43,165.52,EOD Cutoff,6.0449,0.56
DDOG,2024-12-16 13:55:00-05:00,2024-12-16 14:55:00-05:00,155.94,155.86,Time Stop (Stagnant),6.4127,-0.48
DDOG,2024-12-16 15:15:00-05:00,2024-12-16 15:30:00-05:00,155.7,155.22,SL / Trail Exit,6.4228,-3.03
DDOG,2024-12-17 13:05:00-05:00,2024-12-17 13:55:00-05:00,157.07,157.26,SL / Trail Exit,6.3666,1.21
DDOG,2024-12-17 14:40:00-05:00,2024-12-17 15:45:00-05:00,157.06,157.4,EOD Cutoff,6.367,2.16
DDOG,2025-01-15 13:10:00-05:00,2025-01-15 14:10:00-05:00,142.15,142.13,Time Stop (Stagnant),7.0348,-0.14
DDOG,2025-01-15 15:10:00-05:00,2025-01-15 15:25:00-05:00,142.17,141.77,SL / Trail Exit,7.0338,-2.81
DDOG,2025-01-21 13:05:00-05:00,2025-01-21 14:15:00-05:00,138.84,138.67,SL / Trail Exit,7.2025,-1.22
DDOG,2025-01-21 14:40:00-05:00,2025-01-21 15:15:00-05:00,138.92,138.5,SL / Trail Exit,7.1984,-2.99
DDOG,2025-01-22 13:05:00-05:00,2025-01-22 13:35:00-05:00,139.83,139.44,SL / Trail Exit,7.1515,-2.79
DDOG,2025-01-22 13:40:00-05:00,2025-01-22 14:05:00-05:00,139.66,139.26,SL / Trail Exit,7.1602,-2.87
DDOG,2025-01-22 15:05:00-05:00,2025-01-22 15:35:00-05:00,139.53,139.42,SL / Trail Exit,7.1669,-0.79
DDOG,2025-01-28 13:55:00-05:00,2025-01-28 14:30:00-05:00,151.24,153.26,TP (3R Target),6.612,13.36
DDOG,2025-02-03 15:15:00-05:00,2025-02-03 15:40:00-05:00,143.97,143.51,SL / Trail Exit,6.9459,-3.2
DDOG,2025-02-10 13:30:00-05:00,2025-02-10 14:25:00-05:00,147.55,146.92,SL / Trail Exit,6.7774,-4.27
DDOG,2025-02-10 14:30:00-05:00,2025-02-10 14:45:00-05:00,147.05,146.47,SL / Trail Exit,6.8006,-3.91
DDOG,2025-02-27 13:30:00-05:00,2025-02-27 13:55:00-05:00,115.67,115.31,SL / Trail Exit,8.6453,-3.11
DDOG,2025-03-17 14:55:00-04:00,2025-03-17 15:45:00-04:00,104.52,104.85,EOD Cutoff,9.5675,3.16
DDOG,2025-03-19 14:30:00-04:00,2025-03-19 15:20:00-04:00,103.97,104.06,SL / Trail Exit,9.6177,0.77
DDOG,2025-04-01 14:55:00-04:00,2025-04-01 15:45:00-04:00,100.93,101.05,EOD Cutoff,9.9079,1.19
DDOG,2025-06-24 14:30:00-04:00,2025-06-24 15:30:00-04:00,131.07,130.94,Time Stop (Stagnant),7.6295,-0.99
DDOG,2025-06-26 13:05:00-04:00,2025-06-26 13:40:00-04:00,132.16,131.76,SL / Trail Exit,7.5669,-2.99
DDOG,2025-07-15 13:35:00-04:00,2025-07-15 14:20:00-04:00,141.41,141.35,SL / Trail Exit,7.0716,-0.42
DDOG,2025-07-15 14:35:00-04:00,2025-07-15 14:55:00-04:00,141.48,140.95,SL / Trail Exit,7.0681,-3.72
DDOG,2025-07-15 15:00:00-04:00,2025-07-15 15:45:00-04:00,141.26,141.1,EOD Cutoff,7.0794,-1.1
DDOG,2025-07-17 15:00:00-04:00,2025-07-17 15:25:00-04:00,143.42,142.88,SL / Trail Exit,6.9725,-3.8
DDOG,2025-07-21 13:00:00-04:00,2025-07-21 14:00:00-04:00,145.41,145.22,Time Stop (Stagnant),6.8771,-1.34
DDOG,2025-07-21 14:30:00-04:00,2025-07-21 15:10:00-04:00,145.18,144.64,SL / Trail Exit,6.888,-3.72
DDOG,2025-07-22 13:25:00-04:00,2025-07-22 14:25:00-04:00,144.97,144.72,Time Stop (Stagnant),6.898,-1.72
DDOG,2025-07-22 14:35:00-04:00,2025-07-22 15:40:00-04:00,144.93,145.16,SL / Trail Exit,6.8999,1.59
DDOG,2025-07-24 14:40:00-04:00,2025-07-24 15:40:00-04:00,146.53,146.46,SL / Trail Exit,6.8245,-0.48
DDOG,2025-07-29 13:25:00-04:00,2025-07-29 14:30:00-04:00,150.58,150.52,SL / Trail Exit,6.641,-0.4
DDOG,2025-07-29 14:40:00-04:00,2025-07-29 15:20:00-04:00,150.86,150.34,SL / Trail Exit,6.6287,-3.45
DDOG,2025-07-30 14:40:00-04:00,2025-07-30 14:45:00-04:00,150.28,149.57,SL / Trail Exit,6.6545,-4.69
DDOG,2025-09-29 13:50:00-04:00,2025-09-29 15:20:00-04:00,144.56,145.63,TP (3R Target),6.9173,7.4
DDOG,2025-10-01 14:45:00-04:00,2025-10-01 15:45:00-04:00,153.55,153.62,EOD Cutoff,6.5125,0.49
DDOG,2025-10-06 13:20:00-04:00,2025-10-06 13:45:00-04:00,158.36,158.7,SL / Trail Exit,6.3147,2.15
DDOG,2025-10-06 14:30:00-04:00,2025-10-06 15:45:00-04:00,157.78,158.13,EOD Cutoff,6.3377,2.19
DDOG,2025-10-08 13:05:00-04:00,2025-10-08 14:05:00-04:00,163.25,162.69,Time Stop (Stagnant),6.1256,-3.43
DDOG,2025-10-08 14:45:00-04:00,2025-10-08 15:45:00-04:00,163.28,164.07,EOD Cutoff,6.1246,4.87
DDOG,2025-10-09 13:05:00-04:00,2025-10-09 13:35:00-04:00,165.14,164.61,SL / Trail Exit,6.0555,-3.21
DDOG,2025-10-09 13:40:00-04:00,2025-10-09 14:00:00-04:00,164.85,163.94,SL / Trail Exit,6.0661,-5.49
DDOG,2025-10-09 15:00:00-04:00,2025-10-09 15:45:00-04:00,164.58,165.54,EOD Cutoff,6.0761,5.83
DDOG,2025-10-21 13:00:00-04:00,2025-10-21 13:15:00-04:00,157.89,157.14,SL / Trail Exit,6.3337,-4.72
DDOG,2025-10-28 13:40:00-04:00,2025-10-28 15:40:00-04:00,157.87,157.67,SL / Trail Exit,6.3343,-1.27
DDOG,2025-10-30 13:00:00-04:00,2025-10-30 13:10:00-04:00,158.04,157.39,SL / Trail Exit,6.3275,-4.11
DDOG,2025-10-30 13:20:00-04:00,2025-10-30 14:20:00-04:00,157.9,157.75,Time Stop (Stagnant),6.3333,-0.92
DDOG,2025-10-30 14:30:00-04:00,2025-10-30 14:40:00-04:00,157.86,157.41,SL / Trail Exit,6.3347,-2.88
DDOG,2025-10-30 14:45:00-04:00,2025-10-30 15:20:00-04:00,157.82,157.62,SL / Trail Exit,6.3363,-1.27
DDOG,2025-11-03 13:10:00-05:00,2025-11-03 13:55:00-05:00,163.14,162.57,SL / Trail Exit,6.1297,-3.49
DDOG,2025-11-06 13:15:00-05:00,2025-11-06 14:05:00-05:00,186.95,191.83,TP (3R Target),5.3489,26.08
DDOG,2025-11-10 13:30:00-05:00,2025-11-10 14:30:00-05:00,200.3,200.27,Time Stop (Stagnant),4.9924,-0.17
DDOG,2026-03-09 13:00:00-04:00,2026-03-09 13:45:00-04:00,127.47,126.65,SL / Trail Exit,7.8447,-6.51
DDOG,2026-03-09 14:30:00-04:00,2026-03-09 15:00:00-04:00,127.67,126.31,SL / Trail Exit,7.8327,-10.65
DDOG,2026-03-11 13:40:00-04:00,2026-03-11 15:45:00-04:00,125.95,126.96,EOD Cutoff,7.9397,8.02
DDOG,2026-03-17 13:05:00-04:00,2026-03-17 14:05:00-04:00,129.53,128.97,SL / Trail Exit,7.7199,-4.36
DDOG,2026-03-17 15:05:00-04:00,2026-03-17 15:35:00-04:00,129.17,128.6,SL / Trail Exit,7.7417,-4.41
DDOG,2026-03-18 13:45:00-04:00,2026-03-18 14:10:00-04:00,132.92,132.85,SL / Trail Exit,7.5233,-0.49
DDOG,2026-03-18 14:30:00-04:00,2026-03-18 14:50:00-04:00,132.8,132.02,SL / Trail Exit,7.5301,-5.87
DDOG,2026-03-18 15:00:00-04:00,2026-03-18 15:45:00-04:00,132.45,131.92,EOD Cutoff,7.55,-4.0
DDOG,2026-03-23 13:30:00-04:00,2026-03-23 15:45:00-04:00,128.49,129.74,EOD Cutoff,7.783,9.77
