Ticker,Type,Entry_Time,PnL,Reason
COIN,LONG,2021-05-05 12:40:00-04:00,-24.999999999999996,Stop Loss
COIN,LONG,2021-05-10 11:45:00-04:00,50.0,Take Profit
COIN,LONG,2021-06-17 11:15:00-04:00,32.493933956977834,Take Profit
COIN,LONG,2021-06-18 10:15:00-04:00,-25.0,Stop Loss
COIN,LONG,2021-06-23 14:05:00-04:00,-24.407620195614566,Stop Loss
COIN,LONG,2021-06-28 10:15:00-04:00,44.2114591410528,Take Profit
COIN,LONG,2021-08-25 11:30:00-04:00,-20.276073560691817,Stop Loss
COIN,LONG,2021-09-29 10:25:00-04:00,-19.757761554872516,Stop Loss
COIN,LONG,2021-12-14 10:35:00-05:00,50.0,Take Profit
COIN,LONG,2022-02-10 10:30:00-05:00,50.00000000000001,Take Profit
COIN,LONG,2022-02-16 10:40:00-05:00,41.935888437874155,Take Profit
COIN,LONG,2022-03-30 13:20:00-04:00,-21.585836238578647,Stop Loss
COIN,LONG,2022-09-06 13:05:00-04:00,-25.0,Stop Loss
COIN,LONG,2022-10-21 12:00:00-04:00,49.99999999999982,Take Profit
COIN,LONG,2022-12-02 11:45:00-05:00,50.0,Take Profit
COIN,LONG,2022-12-23 10:50:00-05:00,50.0,Take Profit
COIN,LONG,2023-03-06 10:15:00-05:00,50.0,Take Profit
COIN,LONG,2023-05-04 10:25:00-04:00,-25.0,Stop Loss
COIN,LONG,2023-05-26 10:35:00-04:00,48.52771837473309,Take Profit
COIN,LONG,2023-06-01 11:55:00-04:00,50.0,Take Profit
COIN,LONG,2023-06-23 10:30:00-04:00,-25.0,Stop Loss
COIN,LONG,2023-06-27 12:10:00-04:00,50.0,Take Profit
COIN,LONG,2023-08-21 10:05:00-04:00,-25.0,Stop Loss
COIN,LONG,2023-09-05 10:45:00-04:00,-25.0,Stop Loss
COIN,LONG,2023-10-19 12:35:00-04:00,-25.0,Stop Loss
COIN,LONG,2023-11-06 10:10:00-05:00,-25.0,Stop Loss
COIN,LONG,2023-11-15 13:10:00-05:00,50.0,Take Profit
COIN,LONG,2023-12-13 14:05:00-05:00,50.0,Take Profit
COIN,LONG,2024-01-18 11:00:00-05:00,-25.0,Stop Loss
COIN,LONG,2024-02-02 12:40:00-05:00,-21.348034343930127,Stop Loss
COIN,LONG,2024-04-03 10:05:00-04:00,50.00000000000001,Take Profit
COIN,LONG,2024-04-18 11:05:00-04:00,50.0,Take Profit
COIN,LONG,2024-05-22 11:50:00-04:00,50.0,Take Profit
COIN,LONG,2024-05-24 11:10:00-04:00,50.0,Take Profit
COIN,LONG,2024-08-09 15:45:00-04:00,24.416103257529606,End of Day Exit
COIN,LONG,2024-08-13 10:35:00-04:00,-25.0,Stop Loss
COIN,LONG,2024-08-15 11:45:00-04:00,46.04000890532072,Take Profit
COIN,LONG,2024-08-21 10:50:00-04:00,-24.687186778570087,Stop Loss
COIN,LONG,2024-08-23 10:10:00-04:00,41.3182501026501,Take Profit
COIN,LONG,2024-09-13 10:25:00-04:00,-24.430310848759863,Stop Loss
COIN,LONG,2024-09-17 12:45:00-04:00,-24.27861218783442,Stop Loss
COIN,LONG,2024-09-26 10:15:00-04:00,35.335740197625,Take Profit
COIN,LONG,2024-09-27 10:50:00-04:00,50.0,Take Profit
COIN,LONG,2024-10-07 10:25:00-04:00,33.162582942409614,Take Profit
COIN,LONG,2025-04-24 12:15:00-04:00,50.0,Take Profit
COIN,LONG,2025-05-12 10:55:00-04:00,-25.0,Stop Loss
COIN,LONG,2025-05-21 11:15:00-04:00,37.037317630748625,Take Profit
COIN,LONG,2025-07-15 10:35:00-04:00,-25.0,Stop Loss
COIN,LONG,2025-07-16 10:50:00-04:00,-25.0,Stop Loss
COIN,LONG,2025-07-17 10:15:00-04:00,50.0,Take Profit
COIN,LONG,2025-08-22 10:05:00-04:00,43.89248943390112,Take Profit
COIN,LONG,2025-09-04 10:05:00-04:00,-16.004415919025977,Stop Loss
COIN,LONG,2025-09-11 10:55:00-04:00,37.23846825090869,Take Profit
COIN,LONG,2025-09-18 10:25:00-04:00,45.677238457792534,Take Profit
COIN,LONG,2025-09-29 15:45:00-04:00,44.21660547250646,End of Day Exit
COIN,LONG,2025-10-08 13:15:00-04:00,38.37579179560169,Take Profit
PLTR,LONG,2021-01-07 15:45:00-05:00,20.73512906846273,End of Day Exit
PLTR,LONG,2021-03-02 10:40:00-05:00,-25.0,Stop Loss
PLTR,LONG,2021-04-28 14:00:00-04:00,-25.0,Stop Loss
PLTR,LONG,2021-05-18 10:50:00-04:00,50.0,Take Profit
PLTR,LONG,2021-06-23 15:45:00-04:00,19.251134644478242,End of Day Exit
PLTR,LONG,2021-08-18 10:35:00-04:00,45.708007711283194,Take Profit
PLTR,LONG,2021-09-15 10:35:00-04:00,36.9977858102608,Take Profit
PLTR,LONG,2021-12-21 10:45:00-05:00,43.68560478573825,Take Profit
PLTR,LONG,2022-01-11 10:40:00-05:00,-25.0,Stop Loss
PLTR,LONG,2022-01-20 11:00:00-05:00,50.0,Take Profit
PLTR,LONG,2022-02-16 12:30:00-05:00,-25.0,Stop Loss
PLTR,LONG,2022-03-09 15:45:00-05:00,-1.3539192399049993,End of Day Exit
PLTR,LONG,2022-03-18 15:45:00-04:00,5.847639484978432,End of Day Exit
PLTR,LONG,2022-03-22 14:25:00-04:00,50.0,Take Profit
PLTR,LONG,2022-04-08 13:30:00-04:00,-25.0,Stop Loss
PLTR,LONG,2022-05-25 14:50:00-04:00,50.0,Take Profit
PLTR,LONG,2022-08-01 10:45:00-04:00,50.0,Take Profit
PLTR,LONG,2022-08-05 10:05:00-04:00,50.0,Take Profit
PLTR,LONG,2022-08-24 15:45:00-04:00,-17.35632183908032,End of Day Exit
PLTR,LONG,2022-09-28 15:45:00-04:00,25.887445887446127,End of Day Exit
PLTR,LONG,2022-10-18 10:20:00-04:00,-24.216352806690534,Stop Loss
PLTR,LONG,2022-12-20 11:00:00-05:00,-25.0,Stop Loss
PLTR,LONG,2023-01-18 10:40:00-05:00,-20.988125824595322,Stop Loss
PLTR,LONG,2023-01-31 10:45:00-05:00,46.273519047935274,Take Profit
PLTR,LONG,2023-05-17 10:40:00-04:00,45.61712715774153,Take Profit
PLTR,LONG,2023-06-01 11:35:00-04:00,50.0,Take Profit
PLTR,LONG,2023-06-15 10:20:00-04:00,50.0,Take Profit
PLTR,LONG,2023-06-28 15:45:00-04:00,18.39028776978409,End of Day Exit
PLTR,LONG,2023-07-13 11:10:00-04:00,-25.0,Stop Loss
PLTR,LONG,2023-07-17 13:05:00-04:00,49.99999999999999,Take Profit
PLTR,LONG,2023-07-25 10:15:00-04:00,-25.0,Stop Loss
PLTR,LONG,2023-08-01 15:45:00-04:00,0.3256150506512446,End of Day Exit
PLTR,LONG,2023-08-25 10:25:00-04:00,-25.0,Stop Loss
PLTR,LONG,2023-08-29 10:15:00-04:00,50.0,Take Profit
PLTR,LONG,2023-10-06 11:30:00-04:00,49.99999999999999,Take Profit
PLTR,LONG,2023-11-07 12:00:00-05:00,-25.0,Stop Loss
PLTR,LONG,2023-11-17 15:45:00-05:00,32.39238589660421,End of Day Exit
PLTR,LONG,2023-11-28 15:45:00-05:00,35.74168797953964,End of Day Exit
PLTR,LONG,2023-12-15 11:15:00-05:00,-25.0,Stop Loss
PLTR,LONG,2024-01-10 10:40:00-05:00,39.704665635454106,Take Profit
PLTR,LONG,2024-04-12 10:20:00-04:00,30.716425089088432,Take Profit
PLTR,LONG,2024-05-17 10:15:00-04:00,-18.26312555472099,Stop Loss
PLTR,LONG,2024-07-05 15:45:00-04:00,32.57180156658016,End of Day Exit
PLTR,LONG,2024-07-15 15:45:00-04:00,6.206657420249693,End of Day Exit
PLTR,LONG,2024-07-18 11:30:00-04:00,-25.0,Stop Loss
PLTR,LONG,2024-08-23 10:05:00-04:00,-17.008376914888792,Stop Loss
PLTR,LONG,2024-10-02 12:10:00-04:00,41.892792535466036,Take Profit
PLTR,LONG,2024-10-04 10:10:00-04:00,-15.98853581306898,Stop Loss
PLTR,LONG,2024-10-09 10:25:00-04:00,42.40168891115401,Take Profit
PLTR,LONG,2024-10-25 15:45:00-04:00,14.314671814671698,End of Day Exit
PLTR,LONG,2025-05-30 10:40:00-04:00,50.000000000000234,Take Profit
PLTR,LONG,2025-08-22 10:10:00-04:00,50.0,Take Profit
PLTR,LONG,2025-10-16 11:20:00-04:00,-25.0,Stop Loss
PLTR,LONG,2025-12-18 15:45:00-05:00,18.866980011419255,End of Day Exit
MU,LONG,2021-01-19 13:05:00-05:00,50.0,Take Profit
MU,LONG,2021-03-09 14:40:00-05:00,50.0,Take Profit
MU,LONG,2021-08-04 10:50:00-04:00,39.05927745096155,Take Profit
MU,LONG,2021-09-09 12:30:00-04:00,31.932010688895403,Take Profit
MU,LONG,2021-12-23 15:45:00-05:00,25.793937206784758,End of Day Exit
MU,LONG,2022-08-12 12:40:00-04:00,50.00000000000001,Take Profit
MU,LONG,2022-11-23 10:40:00-05:00,-13.413569953603199,Stop Loss
MU,LONG,2023-01-27 15:45:00-05:00,18.84513567174055,End of Day Exit
MU,LONG,2023-03-16 10:15:00-04:00,-18.90249018748676,Stop Loss
MU,LONG,2023-06-28 10:40:00-04:00,33.284673764340276,Take Profit
MU,LONG,2023-08-25 10:20:00-04:00,-12.833048154485661,Stop Loss
MU,LONG,2023-09-13 10:50:00-04:00,-12.379822126150447,Stop Loss
MU,LONG,2023-10-10 13:00:00-04:00,-17.180826847616245,Stop Loss
MU,LONG,2023-10-13 10:50:00-04:00,-14.443779257218576,Stop Loss
MU,LONG,2023-10-17 11:35:00-04:00,30.996380684205782,Take Profit
MU,LONG,2023-11-27 10:45:00-05:00,19.306028315508463,Take Profit
MU,LONG,2023-12-08 14:15:00-05:00,31.928393536960336,Take Profit
MU,LONG,2024-03-01 15:45:00-05:00,15.104796453043113,End of Day Exit
MU,LONG,2024-04-11 10:10:00-04:00,-20.070027273353514,Stop Loss
MU,LONG,2024-04-26 10:20:00-04:00,29.231942419093897,Take Profit
MU,LONG,2025-01-31 10:25:00-05:00,37.154270166557616,Take Profit
MU,LONG,2025-02-04 15:45:00-05:00,14.732806161345756,End of Day Exit
MU,LONG,2025-06-03 11:50:00-04:00,50.0,Take Profit
MU,LONG,2025-06-09 10:30:00-04:00,42.89518693772416,Take Profit
MU,LONG,2025-07-02 15:45:00-04:00,13.214702450408222,End of Day Exit
MU,LONG,2025-07-11 11:30:00-04:00,25.367843958119252,Take Profit
MU,LONG,2025-07-29 11:05:00-04:00,-14.427278090498358,Stop Loss
MU,LONG,2025-07-30 10:15:00-04:00,23.190541965833948,Take Profit
MU,LONG,2025-08-22 10:05:00-04:00,26.386177980191984,Take Profit
MU,LONG,2025-10-01 10:20:00-04:00,50.0,Take Profit
MU,LONG,2025-11-19 10:55:00-05:00,-25.0,Stop Loss
AVGO,LONG,2021-01-12 11:10:00-05:00,22.34989660851179,Take Profit
AVGO,LONG,2021-02-12 14:45:00-05:00,23.86177587348041,Take Profit
AVGO,LONG,2021-04-14 11:10:00-04:00,-10.257896591309605,Stop Loss
AVGO,LONG,2021-06-11 13:10:00-04:00,-9.129765972687235,Stop Loss
AVGO,LONG,2021-06-23 15:45:00-04:00,2.3213173328943455,End of Day Exit
AVGO,LONG,2021-08-26 12:00:00-04:00,14.235319472329305,Take Profit
AVGO,LONG,2021-12-20 10:40:00-05:00,37.778406703201526,Take Profit
AVGO,LONG,2022-01-31 15:45:00-05:00,38.274981765134484,End of Day Exit
AVGO,LONG,2022-05-06 15:25:00-04:00,-22.4891375844212,Stop Loss
AVGO,LONG,2022-05-10 10:40:00-04:00,-18.16870480793076,Stop Loss
AVGO,LONG,2022-07-13 15:45:00-04:00,13.278850312149592,End of Day Exit
AVGO,LONG,2022-07-29 11:20:00-04:00,-10.242122785857433,Stop Loss
AVGO,LONG,2022-08-11 11:15:00-04:00,-9.883514010061498,Stop Loss
AVGO,LONG,2022-09-26 10:05:00-04:00,-9.821918268208298,Stop Loss
AVGO,LONG,2022-10-03 10:30:00-04:00,28.11517284109425,Take Profit
AVGO,LONG,2022-10-04 15:45:00-04:00,11.649114222484094,End of Day Exit
AVGO,LONG,2022-11-04 10:10:00-04:00,27.726219434869826,Take Profit
AVGO,LONG,2022-12-08 10:25:00-05:00,21.692956583888403,Take Profit
AVGO,LONG,2022-12-27 11:30:00-05:00,18.54821111754183,Take Profit
AVGO,LONG,2023-01-06 10:50:00-05:00,38.59178972292811,Take Profit
AVGO,LONG,2023-01-25 10:10:00-05:00,-5.899584994710619,Stop Loss
AVGO,LONG,2023-01-31 11:45:00-05:00,-13.633402058175225,Stop Loss
AVGO,LONG,2023-02-14 10:40:00-05:00,-15.50492406730573,Stop Loss
AVGO,LONG,2023-02-27 11:20:00-05:00,-7.599326089088351,Stop Loss
AVGO,LONG,2023-03-22 12:20:00-04:00,-8.13843043975959,Stop Loss
AVGO,LONG,2023-03-23 14:25:00-04:00,-10.736729725576586,Stop Loss
AVGO,LONG,2023-06-28 10:55:00-04:00,29.053959098380854,Take Profit
AVGO,LONG,2023-07-14 10:45:00-04:00,-17.14744789537037,Stop Loss
AVGO,LONG,2023-07-17 11:25:00-04:00,23.646177153357353,Take Profit
AVGO,LONG,2023-08-23 15:45:00-04:00,34.96869412334573,End of Day Exit
AVGO,LONG,2023-09-13 11:00:00-04:00,18.282925998260765,Take Profit
AVGO,LONG,2023-09-28 11:30:00-04:00,26.28108574321436,Take Profit
AVGO,LONG,2023-10-10 10:30:00-04:00,16.459454776827005,Take Profit
AVGO,LONG,2023-10-23 15:45:00-04:00,22.456121427843723,End of Day Exit
AVGO,LONG,2023-10-24 15:15:00-04:00,27.450009140175244,Take Profit
AVGO,LONG,2023-11-01 11:20:00-04:00,-17.323470645751264,Stop Loss
AVGO,LONG,2023-11-03 10:15:00-04:00,-10.985892417247483,Stop Loss
AVGO,LONG,2023-11-07 14:00:00-05:00,32.77861825516976,Take Profit
AVGO,LONG,2023-12-04 10:30:00-05:00,-12.109264212745027,Stop Loss
AVGO,LONG,2024-01-05 12:20:00-05:00,-10.606377952372483,Stop Loss
AVGO,LONG,2024-02-07 10:30:00-05:00,22.162808696263937,Take Profit
AVGO,LONG,2024-03-26 10:10:00-04:00,-14.748907042023275,Stop Loss
AVGO,LONG,2024-04-11 12:50:00-04:00,44.87113977615492,Take Profit
AVGO,LONG,2024-04-25 15:45:00-04:00,-7.535176499629713,End of Day Exit
AVGO,LONG,2024-04-26 15:45:00-04:00,21.485841009894404,End of Day Exit
AVGO,LONG,2024-06-11 14:25:00-04:00,40.940189412593824,Take Profit
AVGO,LONG,2024-08-08 13:50:00-04:00,50.0,Take Profit
AVGO,LONG,2024-08-09 15:45:00-04:00,27.023121387283734,End of Day Exit
AVGO,LONG,2024-08-16 10:45:00-04:00,-15.595050327025028,Stop Loss
AVGO,LONG,2024-08-23 10:05:00-04:00,19.70156966604146,Take Profit
AVGO,LONG,2024-09-26 10:20:00-04:00,-10.921273881044637,Stop Loss
AVGO,LONG,2024-10-08 10:50:00-04:00,33.75161896266294,Take Profit
AVGO,LONG,2025-06-12 15:45:00-04:00,6.832943209768974,End of Day Exit
AVGO,LONG,2025-06-18 11:45:00-04:00,-16.506767226165042,Stop Loss
AVGO,LONG,2025-08-22 10:15:00-04:00,39.226196694416004,Take Profit
AVGO,LONG,2025-10-16 11:25:00-04:00,-22.212816282471927,Stop Loss
TSLA,LONG,2021-03-15 15:45:00-04:00,21.257796257796382,End of Day Exit
TSLA,LONG,2021-04-12 15:45:00-04:00,18.84503228494083,End of Day Exit
TSLA,LONG,2021-05-26 10:40:00-04:00,27.353496838522048,Take Profit
TSLA,LONG,2021-07-29 11:00:00-04:00,50.0,Take Profit
TSLA,LONG,2021-08-24 10:40:00-04:00,-16.074104201921156,Stop Loss
TSLA,LONG,2021-08-25 10:45:00-04:00,-17.49471114556491,Stop Loss
TSLA,LONG,2021-08-27 15:45:00-04:00,12.482511784041632,End of Day Exit
TSLA,LONG,2021-08-31 15:20:00-04:00,-17.814944402718375,Stop Loss
TSLA,LONG,2022-03-30 14:25:00-04:00,-17.232767573601528,Stop Loss
TSLA,LONG,2022-08-12 11:15:00-04:00,37.48439229691762,Take Profit
TSLA,LONG,2022-08-26 10:10:00-04:00,25.685805142513257,Take Profit
TSLA,LONG,2023-08-29 10:10:00-04:00,47.85594476790922,Take Profit
TSLA,LONG,2024-06-25 11:50:00-04:00,37.078564716784015,Take Profit
TSLA,LONG,2024-07-08 11:00:00-04:00,50.0,Take Profit
TSLA,LONG,2024-07-09 12:15:00-04:00,50.0,Take Profit
TSLA,LONG,2024-11-22 10:40:00-05:00,44.14795116039718,Take Profit
TSLA,LONG,2025-04-25 10:15:00-04:00,49.99999999999999,Take Profit
TSLA,LONG,2025-08-22 10:05:00-04:00,50.0,Take Profit
TSLA,LONG,2025-09-11 10:20:00-04:00,32.79905627298795,Take Profit
TSLA,LONG,2025-10-17 15:45:00-04:00,19.90095725523687,End of Day Exit
TSLA,LONG,2025-12-02 10:25:00-05:00,-16.61186088597351,Stop Loss
NVDA,LONG,2021-01-29 10:20:00-05:00,34.64645304544254,Take Profit
NVDA,LONG,2021-02-10 10:20:00-05:00,-25.0,Stop Loss
NVDA,LONG,2023-01-27 13:50:00-05:00,50.0,Take Profit
NVDA,LONG,2023-03-07 10:50:00-05:00,-17.36220389836533,Stop Loss
NVDA,LONG,2023-07-07 13:20:00-04:00,28.787185891348237,Take Profit
NVDA,LONG,2024-04-03 10:25:00-04:00,26.623591133308935,Take Profit
NVDA,LONG,2024-07-03 11:00:00-04:00,25.486816531592748,Take Profit
NVDA,LONG,2024-08-23 15:45:00-04:00,18.032169625942778,End of Day Exit
NVDA,LONG,2024-10-11 10:50:00-04:00,-12.421221114408167,Stop Loss
NVDA,LONG,2025-02-19 15:25:00-05:00,-16.97800450841497,Stop Loss
NVDA,LONG,2025-06-03 15:45:00-04:00,12.097592587977163,End of Day Exit
NVDA,LONG,2025-08-22 15:45:00-04:00,38.81459361204873,End of Day Exit
NVDA,LONG,2025-09-30 10:30:00-04:00,28.614543978688214,Take Profit
AMZN,LONG,2021-07-13 13:15:00-04:00,-13.301674768372672,Stop Loss
AMZN,LONG,2021-08-05 15:45:00-04:00,6.082869629026776,End of Day Exit
AMZN,LONG,2021-11-18 10:05:00-05:00,17.858088835976115,Take Profit
AMZN,LONG,2021-12-30 15:40:00-05:00,-9.430184245629055,Stop Loss
AMZN,LONG,2022-01-11 11:15:00-05:00,30.746678713341026,Take Profit
AMZN,LONG,2022-03-17 10:45:00-04:00,-21.090400354118323,Stop Loss
AMZN,LONG,2022-11-14 11:15:00-05:00,-19.739404454201132,Stop Loss
AMZN,LONG,2023-08-25 10:05:00-04:00,-6.719950745389027,Stop Loss
AMZN,LONG,2023-12-29 10:40:00-05:00,-7.6680575838404454,Stop Loss
AMZN,LONG,2024-02-09 10:35:00-05:00,14.72039976587091,Take Profit
AMZN,LONG,2024-03-25 15:45:00-04:00,7.102015327529491,End of Day Exit
AMZN,LONG,2024-06-26 10:25:00-04:00,20.381755200609273,Take Profit
AMZN,LONG,2024-08-23 10:05:00-04:00,-9.842326076754363,Stop Loss
AMZN,LONG,2024-10-22 13:50:00-04:00,27.32218757356194,Take Profit
AMZN,LONG,2024-11-01 12:20:00-04:00,-18.63120342199141,Stop Loss
AMZN,LONG,2025-01-22 15:45:00-05:00,1.9175670507497231,End of Day Exit
AMZN,LONG,2025-04-29 14:25:00-04:00,28.931012215465287,Take Profit
AMZN,LONG,2025-07-09 10:30:00-04:00,-17.1051072799246,Stop Loss
AMZN,LONG,2025-08-22 10:15:00-04:00,25.33838681552202,Take Profit
AMZN,LONG,2025-09-15 13:20:00-04:00,-9.965202282461325,Stop Loss
MSTR,LONG,2021-01-28 10:35:00-05:00,49.99999999999999,Take Profit
MSTR,LONG,2021-03-30 15:45:00-04:00,18.071921982933635,End of Day Exit
MSTR,LONG,2021-04-30 13:45:00-04:00,-25.0,Stop Loss
MSTR,LONG,2021-05-05 11:00:00-04:00,50.0,Take Profit
MSTR,LONG,2021-05-21 10:15:00-04:00,-25.0,Stop Loss
MSTR,LONG,2021-06-16 10:30:00-04:00,-25.0,Stop Loss
MSTR,LONG,2021-06-18 14:55:00-04:00,-25.0,Stop Loss
MSTR,LONG,2021-06-28 11:25:00-04:00,50.0,Take Profit
MSTR,LONG,2021-07-06 11:00:00-04:00,-23.042800899455745,Stop Loss
MSTR,LONG,2021-07-09 15:45:00-04:00,1.5662172878669134,End of Day Exit
MSTR,LONG,2021-07-13 15:45:00-04:00,-15.932642487046554,End of Day Exit
MSTR,LONG,2021-07-14 10:25:00-04:00,-22.612765449569757,Stop Loss
MSTR,LONG,2021-07-20 12:25:00-04:00,50.0,Take Profit
MSTR,LONG,2021-07-21 12:40:00-04:00,49.99999999999999,Take Profit
MSTR,LONG,2021-07-30 11:00:00-04:00,-23.067796474294664,Stop Loss
MSTR,LONG,2021-08-02 10:55:00-04:00,49.999999999999794,Take Profit
MSTR,LONG,2021-08-05 11:00:00-04:00,50.0,Take Profit
MSTR,LONG,2021-08-06 10:10:00-04:00,-25.000000000000004,Stop Loss
MSTR,LONG,2021-08-19 15:45:00-04:00,31.105610561056505,End of Day Exit
MSTR,LONG,2021-08-20 11:35:00-04:00,50.0,Take Profit
MSTR,LONG,2021-08-25 15:45:00-04:00,15.192787660483873,End of Day Exit
MSTR,LONG,2021-08-27 11:10:00-04:00,45.62450081636392,Take Profit
MSTR,LONG,2021-09-03 12:00:00-04:00,-25.0,Stop Loss
MSTR,LONG,2021-09-29 10:30:00-04:00,-22.285303259948037,Stop Loss
MSTR,LONG,2021-10-05 14:55:00-04:00,50.00000000000022,Take Profit
MSTR,LONG,2021-10-07 15:45:00-04:00,13.12763960581886,End of Day Exit
MSTR,LONG,2021-10-13 11:05:00-04:00,36.063830531478224,Take Profit
MSTR,LONG,2021-11-01 14:15:00-04:00,-25.0,Stop Loss
MSTR,LONG,2021-11-04 10:55:00-04:00,-25.0,Stop Loss
MSTR,LONG,2021-12-23 10:35:00-05:00,-12.125773540725916,Stop Loss
MSTR,LONG,2021-12-30 10:15:00-05:00,-19.082277639382724,Stop Loss
MSTR,LONG,2022-01-31 11:30:00-05:00,50.0,Take Profit
MSTR,LONG,2022-02-10 13:35:00-05:00,-25.0,Stop Loss
MSTR,LONG,2022-03-15 14:55:00-04:00,50.0,Take Profit
MSTR,LONG,2022-04-08 11:00:00-04:00,45.00601163332303,Take Profit
MSTR,LONG,2022-04-13 15:45:00-04:00,25.316678395495888,End of Day Exit
MSTR,LONG,2022-04-19 15:35:00-04:00,50.0,Take Profit
MSTR,LONG,2022-08-23 10:30:00-04:00,-25.0,Stop Loss
MSTR,LONG,2022-10-20 12:20:00-04:00,-25.0,Stop Loss
MSTR,LONG,2022-11-02 12:20:00-04:00,-25.0,Stop Loss
MSTR,LONG,2022-11-03 10:45:00-04:00,50.0,Take Profit
MSTR,LONG,2022-11-22 12:00:00-05:00,50.0,Take Profit
MSTR,LONG,2022-11-25 10:15:00-05:00,50.0,Take Profit
MSTR,LONG,2022-12-02 10:30:00-05:00,45.396242549231296,Take Profit
MSTR,LONG,2022-12-07 11:25:00-05:00,-25.0,Stop Loss
MSTR,LONG,2022-12-14 11:20:00-05:00,49.85323014968029,Take Profit
MSTR,LONG,2022-12-19 11:40:00-05:00,-25.0,Stop Loss
MSTR,LONG,2022-12-20 10:45:00-05:00,-25.0,Stop Loss
MSTR,LONG,2023-03-03 15:45:00-05:00,-4.9025578562728915,End of Day Exit
MSTR,LONG,2023-03-08 10:20:00-05:00,-25.0,Stop Loss
MSTR,LONG,2023-03-16 14:25:00-04:00,50.0,Take Profit
MSTR,LONG,2023-04-13 11:00:00-04:00,50.0,Take Profit
MSTR,LONG,2023-05-02 10:40:00-04:00,50.00000000000022,Take Profit
MSTR,LONG,2023-05-04 10:55:00-04:00,-25.0,Stop Loss
MSTR,LONG,2023-05-10 10:50:00-04:00,-25.0,Stop Loss
MSTR,LONG,2023-05-17 12:30:00-04:00,47.34555896839395,Take Profit
MSTR,LONG,2023-06-27 13:35:00-04:00,40.375468149997566,Take Profit
MSTR,LONG,2023-07-07 10:10:00-04:00,-25.0,Stop Loss
MSTR,LONG,2023-08-11 10:20:00-04:00,40.420211428798524,Take Profit
MSTR,LONG,2023-08-14 11:40:00-04:00,48.44340424419134,Take Profit
MSTR,LONG,2023-08-25 10:20:00-04:00,-16.11347393344158,Stop Loss
MSTR,LONG,2023-08-29 10:20:00-04:00,42.51737385073655,Take Profit
MSTR,LONG,2023-09-14 12:15:00-04:00,-25.0,Stop Loss
MSTR,LONG,2023-09-28 10:55:00-04:00,50.00000000000001,Take Profit
MSTR,LONG,2023-10-06 11:05:00-04:00,44.732911411897184,Take Profit
MSTR,LONG,2023-10-19 11:40:00-04:00,48.66853067388425,Take Profit
MSTR,LONG,2023-11-15 13:10:00-05:00,42.015946612624845,Take Profit
MSTR,LONG,2023-12-13 10:10:00-05:00,29.593216393119746,Take Profit
MSTR,LONG,2023-12-26 10:50:00-05:00,-22.294243140075857,Stop Loss
MSTR,LONG,2024-01-18 11:35:00-05:00,-25.0,Stop Loss
MSTR,LONG,2024-01-29 10:55:00-05:00,50.0,Take Profit
MSTR,LONG,2024-04-03 11:10:00-04:00,50.0,Take Profit
MSTR,LONG,2024-04-18 10:20:00-04:00,50.0,Take Profit
MSTR,LONG,2024-05-09 11:00:00-04:00,50.0,Take Profit
MSTR,LONG,2024-05-14 10:30:00-04:00,50.00000000000001,Take Profit
MSTR,LONG,2024-05-17 10:25:00-04:00,50.0,Take Profit
MSTR,LONG,2024-06-05 11:40:00-04:00,44.841112643376405,Take Profit
MSTR,LONG,2024-06-27 11:30:00-04:00,-25.0,Stop Loss
MSTR,LONG,2024-07-31 10:10:00-04:00,-25.0,Stop Loss
MSTR,LONG,2024-08-21 10:50:00-04:00,-25.0,Stop Loss
MSTR,LONG,2024-08-23 10:10:00-04:00,50.0,Take Profit
MSTR,LONG,2024-09-10 11:55:00-04:00,-25.0,Stop Loss
MSTR,LONG,2024-09-12 11:00:00-04:00,-25.0,Stop Loss
MSTR,LONG,2024-09-13 10:55:00-04:00,50.0,Take Profit
MSTR,LONG,2024-09-18 10:45:00-04:00,50.0,Take Profit
MSTR,LONG,2024-09-23 10:50:00-04:00,-25.0,Stop Loss
MSTR,LONG,2024-09-26 10:20:00-04:00,50.0,Take Profit
MSTR,LONG,2024-10-02 11:10:00-04:00,50.0,Take Profit
MSTR,LONG,2025-03-24 14:30:00-04:00,50.00000000000001,Take Profit
MSTR,LONG,2025-04-21 10:45:00-04:00,-24.999999999999996,Stop Loss
MSTR,LONG,2025-04-24 10:10:00-04:00,-17.11553145504654,Stop Loss
MSTR,LONG,2025-05-21 11:35:00-04:00,-18.81075384390536,Stop Loss
MSTR,LONG,2025-05-30 10:20:00-04:00,-15.122283840295323,Stop Loss
MSTR,LONG,2025-06-27 11:50:00-04:00,44.07614328301593,Take Profit
MSTR,LONG,2025-08-22 10:05:00-04:00,39.87420136952433,Take Profit
MSTR,LONG,2025-09-18 10:40:00-04:00,50.0,Take Profit
MSTR,LONG,2025-12-09 10:15:00-05:00,-19.565818016692084,Stop Loss
MSTR,LONG,2025-12-17 10:40:00-05:00,-24.999999999999996,Stop Loss
CRWD,LONG,2021-03-23 10:35:00-04:00,-25.0,Stop Loss
CRWD,LONG,2021-04-16 14:20:00-04:00,-25.0,Stop Loss
CRWD,LONG,2021-04-22 10:25:00-04:00,50.0,Take Profit
CRWD,LONG,2021-04-28 15:45:00-04:00,-3.5194388073056437,End of Day Exit
CRWD,LONG,2021-05-28 10:25:00-04:00,-18.121475760366067,Stop Loss
CRWD,LONG,2021-07-23 15:45:00-04:00,7.136542907656833,End of Day Exit
CRWD,LONG,2021-10-13 14:00:00-04:00,50.0,Take Profit
CRWD,LONG,2022-01-11 10:55:00-05:00,-25.0,Stop Loss
CRWD,LONG,2022-02-04 15:45:00-05:00,21.38903531892484,End of Day Exit
CRWD,LONG,2022-03-01 10:55:00-05:00,-25.000000000000004,Stop Loss
CRWD,LONG,2022-08-25 15:45:00-04:00,24.50718105823253,End of Day Exit
CRWD,LONG,2022-11-23 11:05:00-05:00,50.0,Take Profit
CRWD,LONG,2023-02-24 10:20:00-05:00,-25.0,Stop Loss
CRWD,LONG,2023-04-27 15:45:00-04:00,10.721340535212576,End of Day Exit
CRWD,LONG,2023-05-10 15:45:00-04:00,-3.6032180760008963,End of Day Exit
CRWD,LONG,2023-06-06 12:35:00-04:00,-14.018419117527461,Stop Loss
CRWD,LONG,2023-07-10 11:25:00-04:00,40.79888840294964,Take Profit
CRWD,LONG,2023-07-17 15:45:00-04:00,0.45813036418469105,End of Day Exit
CRWD,LONG,2023-07-19 10:35:00-04:00,47.4379395847119,Take Profit
CRWD,LONG,2023-09-29 10:25:00-04:00,-13.27448037395924,Stop Loss
CRWD,LONG,2023-10-02 11:20:00-04:00,34.39926942321249,Take Profit
CRWD,LONG,2023-10-06 11:40:00-04:00,50.0,Take Profit
CRWD,LONG,2023-10-12 13:05:00-04:00,-16.292128880544123,Stop Loss
CRWD,LONG,2024-02-26 10:15:00-05:00,35.444614504977125,Take Profit
CRWD,LONG,2024-03-08 11:00:00-05:00,-25.0,Stop Loss
CRWD,LONG,2024-05-24 11:10:00-04:00,45.45251576901913,Take Profit
CRWD,LONG,2024-06-27 15:45:00-04:00,-6.454830380863948,End of Day Exit
CRWD,LONG,2024-09-13 15:45:00-04:00,-9.044991257950898,End of Day Exit
CRWD,LONG,2024-10-03 10:20:00-04:00,-18.791293109696973,Stop Loss
CRWD,LONG,2025-01-03 11:15:00-05:00,-25.0,Stop Loss
CRWD,LONG,2025-01-14 12:00:00-05:00,-20.21895544449329,Stop Loss
CRWD,LONG,2025-01-28 10:25:00-05:00,50.0,Take Profit
CRWD,LONG,2025-03-19 15:05:00-04:00,50.0,Take Profit
CRWD,LONG,2025-04-15 12:25:00-04:00,50.0,Take Profit
CRWD,LONG,2025-04-29 11:35:00-04:00,-18.113768793653872,Stop Loss
CRWD,LONG,2025-05-05 15:45:00-04:00,-5.111639285880151,End of Day Exit
CRWD,LONG,2025-05-23 10:20:00-04:00,34.1131648289947,Take Profit
CRWD,LONG,2025-08-06 10:10:00-04:00,-12.110471209458595,Stop Loss
CRWD,LONG,2025-08-22 10:05:00-04:00,21.836416693998558,Take Profit
CRWD,LONG,2025-10-21 15:45:00-04:00,-5.019618775895028,End of Day Exit
CRWD,LONG,2025-10-23 15:45:00-04:00,11.72177493700472,End of Day Exit
CRWD,LONG,2025-12-05 10:15:00-05:00,23.20910532533626,Take Profit
CRWD,LONG,2025-12-09 14:15:00-05:00,-25.0,Stop Loss
CRWD,LONG,2025-12-26 14:25:00-05:00,16.1581881919244,Take Profit
NFLX,LONG,2021-04-12 10:35:00-04:00,-11.291820304541176,Stop Loss
NFLX,LONG,2021-05-14 15:45:00-04:00,12.706124402888419,End of Day Exit
NFLX,LONG,2021-05-28 10:50:00-04:00,21.239688156040124,Take Profit
NFLX,LONG,2021-07-13 15:45:00-04:00,3.21518120668748,End of Day Exit
NFLX,LONG,2021-07-14 15:45:00-04:00,11.842717755405463,End of Day Exit
NFLX,LONG,2021-08-19 11:00:00-04:00,48.430585958418554,Take Profit
NFLX,LONG,2021-08-30 15:45:00-04:00,18.64096479768218,End of Day Exit
NFLX,LONG,2021-09-01 12:00:00-04:00,23.977162948974165,Take Profit
NFLX,LONG,2021-09-08 10:35:00-04:00,-19.285790409982223,Stop Loss
NFLX,LONG,2021-12-20 12:10:00-05:00,-24.76493235252203,Stop Loss
NFLX,LONG,2021-12-28 10:40:00-05:00,-9.148741084541825,Stop Loss
NFLX,LONG,2022-02-01 10:40:00-05:00,46.19323883230885,Take Profit
NFLX,LONG,2022-05-20 10:55:00-04:00,-24.719490418698538,Stop Loss
NFLX,LONG,2022-07-29 11:00:00-04:00,-25.0,Stop Loss
NFLX,LONG,2022-08-24 11:15:00-04:00,50.0,Take Profit
NFLX,LONG,2022-11-14 13:15:00-05:00,50.0,Take Profit
NFLX,LONG,2022-12-09 15:20:00-05:00,-18.919252169356195,Stop Loss
NFLX,LONG,2023-01-05 15:45:00-05:00,-6.487645266839439,End of Day Exit
NFLX,LONG,2023-02-01 14:50:00-05:00,42.21632177125912,Take Profit
NFLX,LONG,2023-02-03 11:20:00-05:00,50.0,Take Profit
NFLX,LONG,2023-03-15 10:50:00-04:00,-20.23695326568055,Stop Loss
NFLX,LONG,2023-03-28 12:05:00-04:00,-19.444148490890925,Stop Loss
NFLX,LONG,2023-04-20 10:10:00-04:00,34.16432965092086,Take Profit
NFLX,LONG,2023-05-08 15:45:00-04:00,26.597768679319874,End of Day Exit
NFLX,LONG,2023-05-11 12:20:00-04:00,32.792492675599895,Take Profit
NFLX,LONG,2023-06-05 10:55:00-04:00,33.95324188757853,Take Profit
NFLX,LONG,2023-06-14 12:40:00-04:00,-25.0,Stop Loss
NFLX,LONG,2023-06-30 15:45:00-04:00,14.221224108252164,End of Day Exit
NFLX,LONG,2023-08-01 11:25:00-04:00,37.72787981872361,Take Profit
NFLX,LONG,2023-08-29 11:50:00-04:00,36.31673422807647,Take Profit
NFLX,LONG,2023-08-30 15:45:00-04:00,2.273224295300282,End of Day Exit
NFLX,LONG,2023-09-01 14:30:00-04:00,-15.323868979504281,Stop Loss
NFLX,LONG,2023-11-16 15:45:00-05:00,13.978517792310077,End of Day Exit
NFLX,LONG,2023-12-05 11:20:00-05:00,-12.959355499059102,Stop Loss
NFLX,LONG,2023-12-08 12:15:00-05:00,-10.476127627281222,Stop Loss
NFLX,LONG,2023-12-13 10:30:00-05:00,25.760221077323976,Take Profit
NFLX,LONG,2023-12-20 14:50:00-05:00,-19.112727418852778,Stop Loss
NFLX,LONG,2024-01-04 11:35:00-05:00,34.40767010919602,Take Profit
NFLX,LONG,2024-01-08 12:40:00-05:00,17.871930063626596,Take Profit
NFLX,LONG,2024-01-26 11:45:00-05:00,42.72977706585946,Take Profit
NFLX,LONG,2024-02-07 10:20:00-05:00,18.821362469935284,Take Profit
NFLX,LONG,2024-02-12 13:30:00-05:00,-11.321239620350978,Stop Loss
NFLX,LONG,2024-02-26 15:45:00-05:00,-1.7219241332982516,End of Day Exit
NFLX,LONG,2024-03-18 10:15:00-04:00,17.124820006345804,Take Profit
NFLX,LONG,2024-04-03 11:00:00-04:00,29.931895848313303,Take Profit
NFLX,LONG,2024-05-17 15:45:00-04:00,-5.2493543897473804,End of Day Exit
NFLX,LONG,2024-05-21 15:45:00-04:00,14.328258660938031,End of Day Exit
NFLX,LONG,2024-07-22 13:05:00-04:00,42.38506305312345,Take Profit
NFLX,LONG,2024-07-24 10:20:00-04:00,22.294062985608342,Take Profit
NFLX,LONG,2024-08-23 10:15:00-04:00,-10.08550204586489,Stop Loss
NFLX,LONG,2024-08-30 10:10:00-04:00,-13.755968056179777,Stop Loss
NFLX,LONG,2024-09-19 11:15:00-04:00,34.077772498066835,Take Profit
NFLX,LONG,2024-09-24 11:05:00-04:00,21.450488340904432,Take Profit
NFLX,LONG,2024-09-25 13:45:00-04:00,-11.773777498080634,Stop Loss
NFLX,LONG,2024-10-25 13:20:00-04:00,-15.094302515389177,Stop Loss
NFLX,LONG,2024-11-05 12:10:00-05:00,17.43029523178045,Take Profit
NFLX,LONG,2024-12-04 10:25:00-05:00,19.0882923298767,Take Profit
NFLX,LONG,2024-12-24 10:50:00-05:00,12.849122385844785,Take Profit
NFLX,LONG,2025-03-21 11:40:00-04:00,-25.0,Stop Loss
NFLX,LONG,2025-04-15 15:45:00-04:00,17.883587001233728,End of Day Exit
NFLX,LONG,2025-05-07 10:20:00-04:00,20.502786723083883,Take Profit
NFLX,LONG,2025-06-04 13:05:00-04:00,16.10597774076554,Take Profit
NFLX,LONG,2025-06-05 12:45:00-04:00,-15.179580121436507,Stop Loss
NFLX,LONG,2025-07-25 10:15:00-04:00,13.150037480783354,Take Profit
NFLX,LONG,2025-08-08 10:10:00-04:00,21.854963659037306,Take Profit
NFLX,LONG,2025-08-18 11:35:00-04:00,-10.543697657714217,Stop Loss
NFLX,LONG,2025-08-21 11:10:00-04:00,-6.490140335142209,Stop Loss
NFLX,LONG,2025-08-22 10:35:00-04:00,-8.894591344664056,Stop Loss
NFLX,LONG,2025-09-25 10:45:00-04:00,25.975805748315096,Take Profit
NFLX,LONG,2025-09-26 10:05:00-04:00,-11.364527809546606,Stop Loss
NFLX,LONG,2025-12-01 15:45:00-05:00,26.620997586856685,End of Day Exit
