Symbol,Security Name,Tier,Price,Change %,Vol,Sec Type,Country,State
WELX,WINLAND HOLDINGS CORP,OTCID,2.388700,0.137476,6873,Common Stock,USA,Minnesota
BLEG,BRANDED LEGACY INC,Pink Limited,0.000300,0.000000,52054256,Common Stock,USA,Florida
UTRX,UNITRONIX CORP,Pink Limited,0.016200,-0.147368,13209,Common Stock,USA,New Jersey
UNRG,UNITED ENERGY CRP NEV,OTCID,0.022600,0.027273,125000,Common Stock,USA,Texas
KSEZ,KINETIC SEAS INC,OTCQB,0.062028,-0.065843,211500,Common Stock,USA,Illinois
WDRP,WANDERPORT CORP,OTCID,0.000700,-0.054054,2000000,Common Stock,USA,Texas
TOFB,TOFUTTI BRANDS INC,OTCQB,0.680000,-0.116883,250,Common Stock,USA,New Jersey
MHGU,MERITAGE HOSPTLTY GRP INC,OTCQX,3.320000,0.006061,2861,Common Stock,USA,Michigan
FUNN,AMFIL TECHNOLOGIES INC,OTCID,0.001100,0.222222,13587936,Common Stock,Canada,Ontario
MDCN,MEDICAN ENTERPRISES INC,Pink Limited,0.000001,0.000000,16666,Common Stock,USA,California
FORW,FORWARDLY INC,OTCID,0.003200,0.066667,16340,Common Stock,USA,Nevada
PVSP,PERVASIP CORP NEW,OTCID,0.000150,0.000000,5025000,Common Stock,USA,Washington
SFES,SAFEGUARD SCIENTIFICS INC,Pink Limited,0.700100,-0.040959,8373,Common Stock,USA,Pennsylvania
PVCT,PROVECTUS BIOPHARMS,OTCQB,0.046250,-0.005376,414861,Common Stock,USA,Tennessee
NMGX,NANO MAGIC INC,OTCID,0.226000,0.000000,2043,Common Stock,USA,Michigan
RLLCF,ROLLS ROYCE HLDG PREF C,Pink Limited,0.002500,0.000000,792292,Preferred Stock,United Kingdom,
RAFI,REGENCY AFFILIATES INC,OTCID,4.000000,0.028278,4300,Common Stock,USA,New York
REGRF,NEW WORLD SOLUTIONS INC,Pink Limited,0.003700,0.000000,45000,Foreign Ordinary Shares,Canada,Ontario
SSHT,SSHT S&T GROUP LTD,OTCID,0.010000,-0.061914,29500,Common Stock,New Zealand,
IDEA,INVENT VENTURES INC NEW,OTCID,0.015200,0.000000,25000,Common Stock,USA,Florida
CPMV,MOSAIC IMMUNOENGINEERING,Pink Limited,0.703660,0.754763,300,Common Stock,USA,California
PRKR,PARKERVISION INC,OTCQB,0.274900,0.039319,26613,Common Stock,USA,Florida
GRPS,GOLD RIVER PRODS INC,OTCID,0.000200,0.000000,1001999,Common Stock,USA,Texas
OLYMY,OLYMPUS CORP U/ADR,Pink Limited,9.312000,0.003448,153988,ADRs,Japan,
GRST,ETHEMA HEALTH CORPORATION,OTCID,0.000300,-0.250000,110290,Common Stock,USA,Florida
NROM,NOBLE ROMAN'S INC,OTCQB,0.380000,0.027027,21850,Common Stock,USA,Indiana
NSANY,NISSAN MOTOR LTD S/ADR,Pink Limited,5.555000,-0.008036,73989,ADRs,Japan,
NISTF,NIPPON STEEL & SUMITOMO,Pink Limited,4.160000,-0.015268,2499,Foreign Ordinary Shares,Japan,
NPSCY,NIPPON STEEL CORP S/ADR,Pink Limited,4.080000,-0.033175,266103,ADRs,Japan,
CRMZ,CREDITRISKMONITOR.COM INC,OTCQX,2.350000,-0.002123,351,Common Stock,USA,Nevada
SKPO,SKYE PETE INC,OTCID,0.002700,0.000000,40000,Common Stock,USA,Texas
NTPIF,NAM TAI PROPERTY INC,Pink Limited,5.750000,0.055046,29299,Common Stock,British Virgin Islands,
NBRWF,NABORS INDUSTRIES WT 26,OTCQB,0.325000,0.250000,10038,Warrants,Bermuda,
HCMC,HEALTHIER CHOICES MGMT,OTCID,0.000001,0.000000,45481542,Common Stock,USA,Florida
RONN,RONN,OTCID,0.000100,99.000000,2000000,Common Stock,USA,Alabama
BLGO,BIOLARGO INC,OTCQX,0.179800,0.045106,145859,Common Stock,USA,California
KWGBF,THE CANADIAN CHROME CO,Pink Limited,0.008000,-0.304348,150,Foreign Ordinary Shares,Canada,Ontario
IVRO,INVITRO INTL,OTCQB,0.081800,-0.057061,6500,Common Stock,USA,California
ILDO,INTL DALECO CORP,Pink Limited,0.003100,0.000000,20000,Common Stock,USA,California
INKW,GREENE CONCEPTS INC NEW,OTCID,0.000300,-0.250000,1000515,Common Stock,USA,North Carolina
SRMX,SADDLE RANCH MEDIA INC,OTCID,0.000200,0.000000,3517432,Common Stock,USA,California
QEDN,QED CONNECT INC,OTCID,0.000100,-0.500000,1072339,Common Stock,USA,New York
TKMO,TEKUMO INC,OTCID,0.000100,0.000000,300000,Common Stock,USA,Colorado
PSWW,PRINCIPAL SOLAR INC,Pink Limited,0.000001,0.000000,2300000,Common Stock,USA,Texas
ABIT,ATHENA BITCOIN GLOBAL,OTCID,0.004140,0.035000,4000,Common Stock,USA,Florida
FUJIY,FUJIFILM HLDGS CORP ADR,Pink Limited,9.790000,0.018730,454086,ADRs,Japan,
ENZN,ENZON PHARMS INC,OTCQB,0.055300,-0.221127,131013,Common Stock,USA,New Jersey
ETCC,ENVIRONMENTAL TECTONICS,OTCID,0.910000,0.005947,15200,Common Stock,USA,Pennsylvania
VKSC,VISKASE COS INC,Pink Limited,0.450000,-0.100000,11800,Common Stock,USA,Illinois
NWRV,NATIONWIDE RV AND RESORTS,Pink Limited,0.006000,0.000000,40000,Common Stock,USA,Nevada
TAOIF,TAG OIL LTD,OTCQB,0.066200,0.001513,130974,Foreign Ordinary Shares,Canada,British Columbia
DXYN,DIXIE GROUP INC,OTCQB,0.474800,0.010213,11050,Common Stock,USA,Georgia
LMEFF,LAURION MNRLS EXPL ORD,OTCID,0.162500,-0.054133,57204,Foreign Ordinary Shares,Canada,Ontario
WLAN,WIALAN TECHNOLOGIES INC,OTCID,0.000600,0.200000,15557934,Common Stock,USA,Florida
GLGI,GREYSTONE LOGISTICS INC,OTCQB,0.323920,-0.007142,5500,Common Stock,USA,Oklahoma
RECX,RECREATIVES INDS INC,OTCID,0.013900,0.158333,1167551,Common Stock,USA,Florida
CETI,CYBER ENVIRO-TECH INC.,OTCQB,0.005380,-0.231429,2710298,Common Stock,USA,Arizona
KRTL,KRTL HOLDING GROUP INC,OTCID,0.045000,0.000000,100,Common Stock,USA,Colorado
NSTM,NOVELSTEM INTL CORP,Pink Limited,0.010000,0.111111,55000,Common Stock,USA,Florida
MMTIF,MICROMEM TECHS INC,OTCQB,0.027450,0.093625,63220,Foreign Ordinary Shares,Canada,Ontario
AUSI,AURA SYSTEMS INC,Pink Limited,0.158500,-0.008755,2500,Common Stock,USA,California
ABCP,AMBASE CORP,Pink Limited,0.185955,0.122320,200,Common Stock,USA,Florida
ALTX,ALTEX INDUS INC,Pink Limited,0.250000,0.000000,3000,Common Stock,USA,Colorado
IVFH,INNOVATIVE FOOD HLDGS INC,OTCQB,0.429000,-0.025000,8268,Common Stock,USA,Illinois
BELR,BELL ROSE CAPITAL INC,OTCID,0.000400,0.333333,13293955,Common Stock,USA,Wyoming
WHEN,WORLD HEALTH ENERGY HLDGS,OTCID,0.000100,0.000000,7500,Common Stock,USA,Florida
CGRA,CGROWTH CAPITAL INC,Pink Limited,0.001500,0.071429,6000,Common Stock,USA,Kentucky
TIPS,TIANRONG INTERNET PROD SV,OTCID,0.003000,0.500000,1036699,Common Stock,USA,Pennsylvania
GEBHY,GENTING BERHAD SPONS ADR,OTCID,3.850000,-0.020356,11543,ADRs,Malaysia,
APGI,AMERICAN POWER GROUP CORP,Pink Limited,0.009000,0.022727,15998,Common Stock,USA,Iowa
GTLL,GLOBAL TECHS LTD,Pink Limited,0.000100,0.000000,5865446,Common Stock,USA,North Carolina
JNSH,JNS HOLDINGS CORP,OTCID,0.001800,-0.100000,526398,Common Stock,USA,Illinois
NGCG,NEW GENERATION CONSUMER,OTCID,0.000150,0.000000,1000000,Common Stock,USA,Arizona
TMMI,TMM INC,OTCID,0.009500,0.000000,38310,Common Stock,USA,Nevada
OVTZ,OCULUS INC,OTCQB,0.029800,0.041958,8276,Foreign Ordinary Shares,Canada,British Columbia
GSFD,GLOBAL SEAFOOD TECH INC,Pink Limited,0.072200,-0.183609,37080,Common Stock,USA,Mississippi
BDRLQ,BLONDER TONGUE LABS INC,Pink Limited,0.002850,0.295455,9570,Common Stock,USA,New Jersey
INBP,INTEGRATED BIOPHARMA INC,OTCQX,0.286340,-0.045183,8618,Common Stock,USA,New Jersey
GVSI,GOOD VIBRATIONS SHOES INC,Pink Limited,0.000800,-0.111111,550061,Common Stock,USA,Nevada
MRES,INSTITUTE OF BIOMED RESH,OTCID,0.002300,0.150000,2242408,Common Stock,United Arab Emirates,
BCII,BCII ENTERPRISES INC,OTCID,0.010000,0.019056,2102,Common Stock,USA,Florida
DROP,FUSE SCIENCE INC,OTCID,0.003400,-0.028571,45000,Common Stock,Canada,Ontario
NORD,NORDICUS PARTNERS CORP,OTCQB,4.500000,0.097561,318,Common Stock,USA,California
ECIA,ENCISION INC,Pink Limited,0.150000,0.428571,10000,Common Stock,USA,Colorado
RAFA,RAFARMA PHARMA (WY),OTCID,0.079800,0.270701,33900,Common Stock,USA,Utah
KNOS,KRONOS ADVANCED TECHS INC,Pink Limited,0.003280,0.093333,82290,Common Stock,USA,West Virginia
BSEM,BIOSTEM TECHNOLOGIES NEW,OTCID,5.650000,-0.025862,47294,Common Stock,USA,Florida
OLVI,OLIVEDA INTERNATIONAL INC,OTCID,0.290000,0.090226,21001,Common Stock,USA,California
IGPK,INTEGRATED CANNABIS SLTNS,Pink Limited,0.000800,0.000000,711333,Common Stock,Canada,British Columbia
AIMLF,AI / ML INNOVATIONS INC,OTCQB,0.028800,0.032258,145660,Foreign Ordinary Shares,Canada,British Columbia
PRMO,PROM RESOURCES INC NEW,OTCID,0.033200,0.034268,1000,Common Stock,USA,Florida
CBDD,CBD OF DENVER INC,OTCID,0.000100,1.000000,28104434,Common Stock,Switzerland,
LIFD,LFTD PARTNERS INC,OTCQB,0.190100,-0.049500,4065,Common Stock,USA,Florida
ILST,INTL STAR INC,OTCID,0.000150,-0.250000,343800,Common Stock,USA,Delaware
NMGC,NEOMAGIC CORP,Pink Limited,0.011100,-0.207143,10000,Common Stock,USA,California
XCRT,XCELERATE INC,OTCID,0.015695,-0.000318,29071,Common Stock,USA,South Carolina
CTTH,CTT PHARMACEUTICAL HLDGS,OTCQB,0.090000,0.097561,36000,Common Stock,USA,Florida
CBRF,CYBERFUELS HOLDING CO,OTCID,0.490000,-0.032003,66815,Common Stock,USA,Florida
PSGR,PERSHING RESOURCES CO INC,Pink Limited,0.005000,-0.188312,2200,Common Stock,USA,Nevada
CAVR,CAVU RESOURCES INC,OTCID,0.000313,0.043333,1691666,Common Stock,USA,Oklahoma
RHCO,READEN HOLDING CORP,OTCID,0.019200,0.037838,15200,Common Stock,China,
SHCAY,SHARP CORP UNSP/ADR,Pink Limited,0.980000,0.031633,8484,ADRs,Japan,
CUBT,CURATIVE BIOTECHNOLOGY,OTCID,0.007350,0.013793,90000,Common Stock,USA,Florida
SLVYY,SOLVAY SA UNSP/ADR,Pink Limited,3.250000,0.009317,37839,ADRs,Belgium,
SPPJY,SAPPI LTD S/ADR,OTCQX,1.090000,-0.026786,37968,ADRs,South Africa,
WBRBY,WIENERBERGER BSTOFF S/ADR,Pink Limited,6.600000,0.016949,5372,ADRs,Austria,
NOUV,NOUVEAU LIFE PHARMS INC,Pink Limited,0.000001,-0.990000,130000,Common Stock,USA,California
KAOOY,KAO CORP UNSP/ADR,Pink Limited,8.580000,0.002512,37388,ADRs,Japan,
VIVHY,VIVENDI SE UNSP/ADR,Pink Limited,2.530000,0.004766,41792,ADRs,France,
VVVNF,VIVENDI SE,Pink Limited,2.565000,-0.017241,6603,Foreign Ordinary Shares,France,
LNVGF,LENOVO GROUP LTD ORD,Pink Limited,1.185000,0.004237,4120,Foreign Ordinary Shares,China,
NPNYY,NIPPON YUSEN KBSHKI S/ADR,Pink Limited,6.760000,-0.001477,43208,ADRs,Japan,
NYMXF,NYMOX PHARM CORP,OTCQB,0.050300,0.105495,34735,Common Stock,Canada,Quebec
EEGI,ELINE ENTMT GROUP INC,OTCID,0.000200,0.000000,615901,Common Stock,Hong Kong,
ACCR,ACCESS-POWER & CO INC,OTCID,0.002100,0.000000,4000,Common Stock,USA,Florida
TRSI,TROPHY RESOURCES INC,Pink Limited,0.000155,0.550000,4049324,Common Stock,USA,Arizona
ICTY,EYECITY.COM INC,OTCID,0.000300,0.000000,146899,Common Stock,USA,Florida
MVCO,METAVESCO INC.,OTCID,0.001000,0.111111,5111046,Common Stock,USA,Georgia
LVGI,LIMITLESS VENTURE GRP INC,Pink Limited,0.000400,0.000000,3500,Common Stock,USA,Oklahoma
ZTSTF,ZTEST ELECTRONICS INC,OTCID,0.230000,0.045455,20685,Other Security Type,Canada,Ontario
DIIBF,DOREL INDUS INC B,Pink Limited,1.298500,-0.008779,1487,Foreign Ordinary Shares,Canada,Quebec
BWMG,BROWNIE'S MARINE GRP INC,OTCID,0.005000,-0.285714,35000,Common Stock,USA,Florida
OWUV,ONE WORLD UNIVERSE INC,OTCID,0.003320,-0.077778,6950,Common Stock,USA,California
SITS,SOUTHERN ITS INTAL INC,OTCID,0.032400,-0.187970,40000,Common Stock,USA,Iowa
ELTP,ELITE PHARMS INC,OTCQB,0.403710,-0.003185,415016,Common Stock,USA,New Jersey
RDGL,VIVOS INC,OTCQB,0.084587,-0.037691,302201,Common Stock,USA,Washington
NXGB,NXGEN BRANDS INC,OTCID,0.000600,0.200000,27364573,Common Stock,USA,Colorado
NWTT,NW TECH CAPITAL INC,Pink Limited,0.000001,0.000000,285049,Common Stock,USA,California
CYIO,CYIOS CORP,OTCID,0.001200,-0.200000,31311888,Common Stock,USA,Florida
FRMO,FRMO CORP,Pink Limited,7.900000,0.047676,6397,Common Stock,USA,New York
AGYP,ALLIED ENERGY CORP,OTCID,0.000100,0.000000,8702800,Common Stock,USA,Texas
FYNN,FYNTECHNICAL INNOVATIONS,OTCID,0.000100,0.000000,14900000,Common Stock,USA,Florida
AWSL,ATLANTIC POWER & INFRASTR,Pink Limited,0.008900,0.034884,471270,Common Stock,USA,Florida
HPNN,HOP-ON INC,OTCID,0.000485,-0.118182,973185,Common Stock,USA,California
ATDS,DATA443 RISK MTIGTING INC,OTCID,0.000200,0.000000,2400000,Common Stock,USA,North Carolina
MLMC,MIKE LINDELL MEDIA CORP,OTCID,1.350000,0.310680,2942,Common Stock,USA,Minnesota
QSEP,QS ENERGY INC,OTCID,0.086800,-0.035556,170087,Common Stock,USA,Texas
KIQSF,KELSO TECHS INC,Pink Limited,0.115100,-0.012017,39705,Foreign Ordinary Shares,Canada,British Columbia
TGLO,THEGLOBE.COM INC,Pink Limited,0.250000,0.082251,22837,Common Stock,USA,Texas
TCEFF,TERRA CLEAN ENERGY CORP,OTCQB,0.123830,0.179333,32000,Foreign Ordinary Shares,Canada,British Columbia
KAYS,KAYA HOLDINGS INC,OTCQB,0.035040,0.049102,300,Common Stock,USA,Florida
SWRM,APPSWARM INC,OTCID,0.000145,-0.275000,3248601,Common Stock,USA,Oklahoma
NXGT,NEXTELIGENT HOLDINGS INC,OTCID,0.007000,0.000000,10000,Common Stock,USA,New York
BYSD,BAYSIDE CORP,OTCID,1.100000,0.029384,900,Common Stock,USA,Florida
LNTO,LELANTOS HOLDINGS INC,OTCID,0.005290,0.102083,2001,Common Stock,USA,Arizona
ERBB,AMERICAN GREEN INC,Pink Limited,0.000250,-0.166667,1164442,Common Stock,USA,Wyoming
VGLS,VG LIFE SCIENCES INC,OTCID,0.000100,0.000000,6900196,Common Stock,USA,New York
EVSV,ENVIRO-SERV INC,OTCID,0.000800,0.000000,100000,Common Stock,Canada,Ontario
ERAO,ENERGY RESOURCE ABUNDANCE,OTCID,0.009800,0.750000,4540,Common Stock,USA,Arizona
ECGS,ECO-GROWTH STRATEGIES INC,OTCID,0.086900,0.086250,64590,Common Stock,USA,Hawaii
HGTXU,HUGOTON ROYALTY TR UBI,OTCQB,0.240000,0.000000,5745,Units,USA,Texas
BIDCF,BLOCKCHAINK2 CORP,OTCQB,0.050400,0.253731,70600,Foreign Ordinary Shares,Canada,British Columbia
DSNY,DESTINY MEDIA TECHS INC,OTCQB,0.500000,-0.090909,7949,Foreign Ordinary Shares,Canada,British Columbia
MTLI,METALINE CONTACT MINES,Pink Limited,0.045000,0.122195,4968,Common Stock,USA,Wisconsin
ITMSF,INTERMAP TECHS CORP A,OTCQB,1.090000,-0.018018,50460,Foreign Ordinary Shares,USA,Colorado
UMAV,UAV CORP,OTCID,0.000300,1.000000,4253868,Common Stock,USA,Florida
SALM,SALEM MEDIA GROUP INC A,OTCQX,0.425000,0.008543,5622,Common Stock,USA,California
ICNM,ICON MEDIA HOLDINGS INC,OTCID,0.000200,0.000000,105224,Common Stock,Singapore,
AVVH,AVVAA WRLD H/C PRODS INC,OTCID,0.002900,-0.171429,1240786,Common Stock,USA,Texas
VPLM,VOIP PAL.COM INC,OTCID,0.009250,0.054131,209791,Common Stock,USA,Texas
BVCLF,BATM ADVANCED COMM,Pink Limited,0.001000,0.666667,330,Foreign Ordinary Shares,Israel,
ATGN,ALTIGEN COMMUNS INC,OTCQB,0.459900,0.010769,10000,Common Stock,USA,California
CIZN,CITZNS HOLDINGS CO MISS,OTCQX,9.600000,0.015873,1910,Common Stock,USA,Mississippi
LLESY,LENDLEASE CORP LTD S/ADR,Pink Limited,3.200000,0.052632,193,ADRs,Australia,New South Wales
QTRHF,QUARTERHILL INC,OTCQX,0.700000,0.000000,25594,Foreign Ordinary Shares,Canada,Ontario
CPMD,CANNAPHARMARX INC,Pink Limited,0.004800,0.371429,4159724,Common Stock,Canada,Alberta
SFBQF,SOFTBANK CORP,Pink Limited,1.326000,0.012214,13283,Foreign Ordinary Shares,Japan,
IDTA,IDENTA CORP,OTCQB,0.272000,-0.003955,43900,Common Stock,USA,Florida
AABB,ASIA BROADBAND INC,OTCID,0.015500,-0.049080,12257032,Common Stock,USA,Nevada
MMTOF,MITSUBISHI MOTORS NEW,Pink Limited,2.760000,0.000000,1000,Foreign Ordinary Shares,Japan,
DMIFF,DIAMCOR MINING INC ORD,Pink Limited,0.013600,3.121212,100,Foreign Ordinary Shares,Canada,British Columbia
CSPUF,CANADIAN SPIRIT RES INC,Pink Limited,0.001500,0.000000,20000,Foreign Ordinary Shares,Canada,Alberta
RJKAF,RJK EXPLOR A VTG ORD,Pink Limited,0.006100,-0.734783,100,Foreign Ordinary Shares,Canada,Ontario
NDEV,NOVUS ACQSTN  DEV  CORP,OTCID,0.015880,0.051656,2060,Common Stock,USA,Florida
DMAN,DEMAND BRANDS INC,OTCID,0.000500,0.000000,37360,Common Stock,USA,New Mexico
HMRFF,HOMERUN RES INC,OTCQB,0.657600,0.010138,12110,Foreign Ordinary Shares,Canada,British Columbia
BBTT,BTAB ECOMMERCE GROUP INC,OTCID,0.080887,0.093068,3500,Common Stock,Australia,New South Wales
OPWEF,OPAWICA EXPLS INC,OTCQB,0.069120,0.080000,680,Foreign Ordinary Shares,Canada,British Columbia
IMRFF,IMETAL RES INC,OTCQB,0.074000,0.091445,31350,Foreign Ordinary Shares,Canada,British Columbia
WMLLF,WEALTH MINERALS LTD,OTCQB,0.051500,0.000000,199000,Foreign Ordinary Shares,Canada,British Columbia
DGCMF,DIGITAL COMMODITIES INC,OTCQB,0.018000,-0.102244,68769,Foreign Ordinary Shares,Canada,British Columbia
DQJCF,PAN PAC INTL HLDGS CORP,Pink Limited,6.745000,0.038491,17866,Foreign Ordinary Shares,Japan,
ZIVO,ZIVO BIOSCIENCE INC,OTCQB,9.600000,-0.015385,175,Common Stock,USA,Michigan
ZIVOW,ZIVO BIOSCIENCE INC WTS,OTCID,0.050000,-0.019608,4570,Warrants,USA,Michigan
DIFTY,DAITO TR CONSTR SP/ADR,Pink Limited,5.790000,0.019366,57462,ADRs,Japan,
BDGR,BLACK DRAGON RES COS INC,OTCID,0.000001,0.000000,65714,Common Stock,USA,California
SYZLF,SYLOGIST LTD,Pink Limited,2.820100,-0.047296,1200,Foreign Ordinary Shares,Canada,Alberta
PINWF,PINEWOOD TECHS GROUP PLC,OTCQX,4.050000,-0.343598,50100,Foreign Ordinary Shares,United Kingdom,England
MBXBF,MICROBIX BIOSYSTEMS INC,OTCQX,0.177800,0.122758,30000,Foreign Ordinary Shares,Canada,Ontario
ACHFF,ARCH BIOPARTNERS INC ORD,OTCQB,0.612000,0.000000,37301,Foreign Ordinary Shares,Canada,Ontario
STSBF,SOUTH STAR BTTEY METALS,OTCQB,0.117600,0.069091,128102,Foreign Ordinary Shares,Canada,British Columbia
IDKFF,THREED CAPITAL INC,OTCQB,0.062700,0.045000,19068,Foreign Ordinary Shares,Canada,Ontario
QIND,QUALITY INDUSTRIAL CORP,OTCID,0.010100,0.020202,5280,Common Stock,USA,California
GEGP,GOLD ENTMT GROUP INC,OTCID,0.000150,0.000000,1044444,Common Stock,USA,Florida
RMHB,ROCKY MTN HIGH BRAND INC,OTCID,0.003200,-0.111111,7405,Common Stock,USA,Texas
RKUNY,RAKUTEN GROUP INC  S/ADR,Pink Limited,5.250000,-0.020522,29438,ADRs,Japan,
STHI,SPROUT TINY HOMES,OTCID,0.005600,0.000000,1000,Common Stock,USA,Colorado
MMMW,MASS MEGAWATTS WIND PWR,OTCID,0.102100,-0.360676,130,Common Stock,USA,Massachusetts
RNLSY,RENAULT SA UNSP/ADR,Pink Limited,7.610000,-0.001312,55192,ADRs,France,
TBTC,TABLE TRAC INC,OTCQX,4.010000,-0.024331,8985,Common Stock,USA,Minnesota
SFRX,SEAFARER EXPLORATION CORP,Pink Limited,0.002400,-0.040000,1106203,Common Stock,USA,Florida
STGZ,STARGAZE ENTMT GRP INC,OTCQB,0.030515,0.000000,2125,Common Stock,USA,Illinois
AVNI,ARVANA INC,OTCID,0.201000,-0.191797,5879,Common Stock,USA,Utah
GCCFF,GOLDEN CARIBOO RES LTD,OTCQB,0.062050,0.069828,40275,Foreign Ordinary Shares,Canada,British Columbia
CYSNF,C-COM SATELLITE SYS INC,OTCQB,0.762800,0.046896,16200,Foreign Ordinary Shares,Canada,Ontario
DGNOF,DIAGNOS INC,OTCQB,0.199900,-0.016724,146725,Foreign Ordinary Shares,Canada,Quebec
IBGR,NEXUS ENERGY SERVICES INC,OTCID,0.002400,-0.040000,1715500,Common Stock,USA,California
IMTL,IMAGE PROTECT INC,Pink Limited,0.000001,-0.990000,439702,Common Stock,USA,Florida
JBFCF,JOLLIBEE FOODS CORP,Pink Limited,3.750000,0.008065,2880,Foreign Ordinary Shares,Philippines,
PBSFY,PROSIEBENSAT1 MEDIA U/ADR,Pink Limited,1.310000,-0.022388,2631,ADRs,Germany,
CLPBY,COLOPLAST AS SP/ADR,Pink Limited,7.630000,-0.009091,305480,ADRs,Denmark,
ERVFF,BORON ONE HOLDINGS INC,Pink Limited,0.029000,-0.082859,2150,Foreign Ordinary Shares,Canada,British Columbia
NYWKF,NTG CLARITY NTWRK INC,Pink Limited,0.867000,0.096913,13700,Foreign Ordinary Shares,Canada,Ontario
HANNF,HANNAN METALS LTD ORD,Pink Limited,0.525000,-0.031276,55508,Foreign Ordinary Shares,Canada,British Columbia
LQWDF,LQWD TECHNOLOGIES CORP,OTCQX,0.783700,0.075034,3923,Foreign Ordinary Shares,Canada,British Columbia
GRUSF,GROWN RGUE INTL INC SB VT,OTCQB,0.350000,-0.062416,43768,Foreign Ordinary Shares,USA,Oregon
UBSFF,UBISOFT ENTMT INC,Pink Limited,5.400000,0.132075,658,Foreign Ordinary Shares,France,
UBSFY,UBISOFT ENTMT UNSP/ADR,Pink Limited,0.960100,0.032366,92694,ADRs,France,
TSYHF,TRAVEL SKY TECH LTD,Pink Limited,1.365000,0.020179,20867,Foreign Ordinary Shares,China,
PCSV,PCS EDVENTURES!.COM INC,OTCQB,0.125000,0.004016,60000,Common Stock,USA,Idaho
TUWOY,TULLOW OIL PLC UNSP/ADR,Pink Limited,0.052000,0.000000,587976,ADRs,United Kingdom,
GLXZ,GALAXY GAMING INC,OTCQB,1.700000,-0.017341,31853,Common Stock,USA,Nevada
AMFL,AMERICAN FILMS INC,OTCID,0.050000,0.015435,12500,Common Stock,USA,Florida
TZPC,THERMAFREEZE PRODS CORP,OTCID,0.017000,0.075949,300,Common Stock,China,
PKTX,PROTOKINETIX INC,Pink Limited,0.006800,-0.132321,321951,Common Stock,USA,Ohio
NWBO,NORTHWEST BIOTHRPUTCS INC,OTCQB,0.235450,0.005251,1462260,Common Stock,USA,Maryland
AMLH,AMER LEISURE HLDGS INC,Pink Limited,0.000001,-0.990000,110000,Common Stock,USA,Florida
ADMQ,ADM ENDEAVORS INC,OTCQB,0.026500,-0.009346,35600,Common Stock,USA,Texas
ZNCXF,ZINCX RES CORP,Pink Limited,0.050000,-0.110320,6681,Foreign Ordinary Shares,Canada,British Columbia
NUGL,NUGL INC,OTCID,0.001800,0.065089,2295020,Common Stock,USA,California
TCRI,TECHCOM INC,Pink Limited,0.120000,0.090909,860,Common Stock,USA,Delaware
SCFR,SECURITY FIRST INT HL NEW,Pink Limited,0.155000,0.000000,4360,Common Stock,USA,Florida
BBLR,BUBBLR INC,OTCID,0.004000,-0.130435,68118,Common Stock,USA,Wyoming
CMDXF,COMPUTER MODELLING GRP,Pink Limited,3.047000,0.039932,48909,Foreign Ordinary Shares,Canada,Alberta
WDGJF,WOOD GROUP JOHN PLC,Pink Limited,0.350000,-0.020431,4999,Foreign Ordinary Shares,United Kingdom,Scotland
PNPNF,POWER METALLIC MINES INC,OTCQB,0.985650,0.055639,157251,Foreign Ordinary Shares,Canada,Ontario
REMYY,REMY COINTREAU UNSP/ADR,Pink Limited,4.840000,-0.056530,22196,ADRs,France,
GGII,GREEN GLOBE INTL INC NEW,OTCID,0.000001,0.000000,2300,Common Stock,USA,Nevada
PDIV,PREMIER DEV & INVST INC A,OTCID,0.030000,0.000000,14300,Common Stock,South Africa,
TWIRF,TREE ISLAND STEEL LTD NEW,Pink Limited,1.950100,-0.000461,10400,Foreign Ordinary Shares,Canada,British Columbia
BLLB,BELL BUCKLE HLDGS INC,OTCID,0.000600,0.000000,551774,Common Stock,USA,Florida
DBMM,DIGITAL BRAND M & M GRP,OTCID,0.000687,0.000000,866777,Common Stock,USA,New York
MRNJ,METATRON INC,OTCID,0.000001,0.000000,7142,Common Stock,USA,Delaware
AURI,AURI INC,OTCID,0.000150,-0.250000,6598712,Common Stock,USA,Wyoming
PPJE,PPJ HEALTHCARE ENTERPRISE,Pink Limited,0.000001,0.000000,27080,Common Stock,USA,Florida
FCCN,SPECTRAL CAPITAL CORP,OTCQB,3.100000,-0.025770,2381,Common Stock,USA,Washington
LLLI,LAMPERD LESS LETHAL INC,OTCID,0.003600,-0.280000,2000,Common Stock,Canada,Ontario
LBSR,LIBERTY STAR URANM METLS,OTCQB,0.038700,-0.032500,1415853,Common Stock,USA,Arizona
IFSPF,INTERFOR CORP,Pink Limited,7.312000,0.011342,16367,Foreign Ordinary Shares,Canada,British Columbia
GSSRF,GOSSAN RESOURCES LTD CDA,Pink Limited,0.010000,-0.677419,500,Foreign Ordinary Shares,Canada,Manitoba
SEKEY,SEIKO EPSON CORP UNSP/ADR,Pink Limited,6.850000,0.022388,17253,ADRs,Japan,
CYBL,CYBERLUX CORP,OTCID,0.001650,0.000000,15095253,Common Stock,USA,North Carolina
YAHOY,LY CORP UNS/ADR,Pink Limited,4.680000,0.000000,355052,ADRs,Japan,
YKLTY,YAKULT HONSHA CO LTD ADR,Pink Limited,8.740000,0.041716,198,ADRs,Japan,
GRCLF,GRAINCORP LTD,Pink Limited,3.790000,0.000000,200,Foreign Ordinary Shares,Australia,
APYRF,ALLIED PPTYS RE INV TR UT,Pink Limited,6.900000,-0.014286,161140,Units,Canada,Ontario
ADHC,AMER DIVRSFD HLDGS CORP,OTCID,0.000600,-0.076923,602354,Common Stock,USA,California
IVDN,INNOVATIVE DESIGNS INC,OTCQB,0.300000,0.136364,40656,Common Stock,USA,Pennsylvania
PTALF,PETROTAL CORP ORD,OTCQX,0.294500,-0.002033,183637,Foreign Ordinary Shares,Canada,Alberta
NCLTY,NITORI HOLDINGS CO U/ADR,Pink Limited,9.990000,-0.021548,139765,ADRs,Japan,
MJNA,MEDICAL MARIJUANA INC,OTCID,0.000200,1.000000,13023927,Common Stock,USA,California
HERB,YASHENG GROUP,Pink Limited,0.040000,0.277955,200,Common Stock,China,
HMBL,HUMBL INC,Pink Limited,0.000200,0.000000,310239969,Common Stock,USA,California
VYRE,VYRE NETWORK,Pink Limited,0.002900,0.028369,10709,Common Stock,USA,Nevada
GGGSY,GREGGS PLC UNSP/ADR,Pink Limited,6.971000,-0.057973,221,ADRs,United Kingdom,
CLNV,CLEAN VISION CORPORATION,OTCQB,0.003940,-0.015000,3123382,Common Stock,USA,California
GELYF,GEELY AUTOMBLE HLDGS LTD,Pink Limited,2.152500,0.001163,16219,Foreign Ordinary Shares,China,Hong Kong
BFNH,BIOFORCE NANOSCIENCES HLD,Pink Limited,0.510700,0.817438,100,Common Stock,USA,Virginia
ATIG,ATLANTIS GAMING CORP,Pink Limited,0.000200,0.000000,32258,Common Stock,USA,Michigan
TRDX,TREND EXPLORATION INC,OTCID,0.026880,0.075200,40192,Common Stock,Taiwan,
REEMF,RARE ELEMENT RES LTD,OTCQB,0.640000,0.000000,123803,Foreign Ordinary Shares,USA,Colorado
SYIN,SYNBIO INTERNATIONAL INC,OTCID,0.002100,-0.125000,214475,Common Stock,USA,Wyoming
PENMF,PENINSULA ENERGY LTD,OTCID,0.544080,0.036343,16994,Foreign Ordinary Shares,Australia,Western Australia
CBMJ,CONSERVATIV BCST JRNL INC,OTCID,0.022800,0.085714,3976,Common Stock,USA,Georgia
AECX,ACADIA ENERGY CORP,OTCID,0.013000,-0.015152,30921,Common Stock,USA,New York
ASRE,ASTRA ENERGY INC,Pink Limited,0.020000,0.841112,700,Common Stock,USA,Florida
KOSK,METAWELLS OIL & GAS INC,OTCID,0.007500,-0.013158,2000,Common Stock,USA,New York
HRAL,HEAR ATLAST HOLDINGS INC,OTCID,0.000400,0.000000,147250,Common Stock,Canada,Ontario
NBRI,NORTH BAY RESOURCES INC,OTCID,0.000450,-0.250000,15082919,Common Stock,USA,California
SSMXY,SYSMEX CORP UNSP/ASDR,Pink Limited,8.840000,0.010286,193600,ADRs,Japan,
FITY,FIFTY 1 LABS INC,OTCID,0.000400,0.333333,64522501,Common Stock,USA,Washington
SFIO,STARFLEET INNOTECH INC,OTCID,0.001000,-0.152542,144000,Common Stock,Australia,Victoria
SGAMY,SEGA SAMMY HLDGS S/ADR,Pink Limited,4.140000,0.009264,1818,ADRs,Japan,
BMXI,BROOKMOUNT EXPLS INC,OTCID,0.024750,0.053191,2053742,Common Stock,USA,Nevada
CSDX,CS DIAGNOSTICS CORP,OTCQB,0.160000,0.000000,65510,Common Stock,USA,Wyoming
DROR,DROR ORTHO-DESIGN INC,Pink Limited,0.006100,-0.455357,61500,Common Stock,USA,New York
ZTCOF,ZTE CORP H,Pink Limited,3.465000,-0.037500,280,Foreign Ordinary Shares,China,
PSYCF,PSYCHED WELLNESS LTD,OTCQB,0.009560,-0.089524,5000,Foreign Ordinary Shares,Canada,Ontario
GMVHF,ENTAIN PLC,Pink Limited,7.424000,-0.053303,8798,Foreign Ordinary Shares,United Kingdom,
GMVHY,ENTAIN PLC UNSP/ADR,Pink Limited,7.730000,0.011780,70107,ADRs,United Kingdom,
CIVX,CTR INVTS&CNSLTNG INC,OTCID,0.000100,0.000000,3110769,Common Stock,USA,California
CEIN,CAMBER ENERGY INC,OTCQB,0.033000,0.006865,176843,Common Stock,USA,Texas
DYFSF,DYNACERT INC,OTCQB,0.074700,0.068670,3050,Foreign Ordinary Shares,Canada,Ontario
LVRLF,CORDOVACANN CORP,Pink Limited,0.029800,-0.402806,39447,Foreign Ordinary Shares,Canada,Ontario
GWSO,GLOBAL WARMING SLTNS INC,Pink Limited,0.440000,0.189189,13165,Common Stock,USA,California
MOBQ,MOBIQUITY TECH INC,OTCQB,0.709900,0.008237,81015,Common Stock,USA,New York
ONCI,ON4 COMMUNS INC,Pink Limited,0.000001,-0.980000,108333,Common Stock,USA,New York
GBUX,GIVBUX INC,OTCID,0.023460,-0.090698,94300,Common Stock,USA,California
QUAN,QUANTUM INTL CORP,OTCID,0.041950,-0.065702,14902,Common Stock,USA,Colorado
NSRCF,NEXTSOURCE MATERIALS INC,OTCQB,0.261160,0.166544,23102,Foreign Ordinary Shares,Canada,Ontario
PIFYF,PINE CLIFF ENERGY LTD,OTCQX,0.497600,0.017587,17930,Foreign Ordinary Shares,Canada,Alberta
AIBT,AIBOTICS INC,OTCID,0.001100,-0.153846,9491871,Common Stock,USA,Florida
LTUS,LOTUS PHARMS INC,OTCID,0.004063,-0.253125,2660,Common Stock,USA,California
CEOS,CECORS INC,Pink Limited,0.002300,0.000000,35000,Common Stock,USA,Nevada
CLRI,CLEARTRONIC INC,Pink Limited,0.010600,0.000000,10500,Common Stock,USA,Florida
EPAZ,EPAZZ INC,OTCID,0.031000,-0.080119,5253,Common Stock,USA,Illinois
CYDY,CYTODYN INC,OTCQB,0.259450,0.003287,1110033,Common Stock,USA,Washington
TGAFF,TAIGA BLDG PRODS LTD ORD,Pink Limited,2.820000,0.072243,200,Foreign Ordinary Shares,Canada,British Columbia
TDRK,TIDEROCK COMPANIES INC,OTCID,0.005100,0.000000,170000,Common Stock,USA,Massachusetts
BPTH,BIO-PATH HOLDINGS INC,Pink Limited,0.060000,-0.139168,4942,Common Stock,USA,Texas
FOSYF,FORSYS METALS CORP,Pink Limited,0.317630,-0.016168,24000,Foreign Ordinary Shares,Canada,Ontario
UAPC,UNITED AMERICAN PETR,Pink Limited,0.001135,0.050926,183681,Common Stock,USA,Florida
PSUD,PETROSUN INC,OTCID,0.008100,-0.002586,21717,Common Stock,USA,Arizona
KYNC,KYN CAPITAL GROUP INC,OTCID,0.000300,0.052632,6297566,Common Stock,USA,California
APNHY,ASPEN PHARMACRE HL UN/ADR,Pink Limited,8.370000,0.039752,359,ADRs,South Africa,
DMPZF,DOMINO'S PIZZA ORD,Pink Limited,2.710000,0.231818,13139,Foreign Ordinary Shares,Australia,Queensland
DMZPY,DOMINO'S PIZZA UNSP/ADR,Pink Limited,6.690000,-0.175092,1260,ADRs,Australia,Queensland
AACAY,AAC TECHS HLDGS UNSP/ADR,Pink Limited,4.860000,-0.016194,254,ADRs,China,
MAYNF,MAYNE PHARMA GROUP LTD,Pink Limited,1.800000,-0.029650,100,Foreign Ordinary Shares,Australia,South Australia
ETOLF,ENTERPRISE GROUP INC,OTCQB,0.899900,0.003401,3266,Foreign Ordinary Shares,Canada,Alberta
ECDP,ECO DEPOT INC,Pink Limited,0.030300,-0.011032,2723,Common Stock,USA,Florida
BACHF,BANK OF CHINA LTD ORD,Pink Limited,0.584800,-0.041311,200,Foreign Ordinary Shares,China,
AHRO,AUTHENTIC HOLDINGS INC,OTCID,0.000700,0.166667,10507,Common Stock,USA,New Jersey
TORVF,VOLT CARBON TECHNOLOGIES,OTCQB,0.015000,-0.166667,110348,Foreign Ordinary Shares,Canada,Alberta
CFPZF,CANFOR CORP NEW ORD,Pink Limited,9.858000,0.003870,8712,Foreign Ordinary Shares,Canada,British Columbia
TBVPF,THAI BEVERAGE PCL ORD,Pink Limited,0.325700,-0.119730,4777,Foreign Ordinary Shares,Thailand,
PIAGF,PIAGGIO & C SPA PONTEDERA,Pink Limited,2.100000,0.000000,4800,Foreign Ordinary Shares,Italy,
BOIVF,BOLLORE INVESTISSEMNT ORD,Pink Limited,5.810000,0.000861,3212,Foreign Ordinary Shares,France,
WTII,WATER TECH INTL,OTCID,0.000500,0.250000,165,Common Stock,USA,Florida
IFUS,IMPACT FUSION INTL INC,OTCID,0.029500,0.000000,87241,Common Stock,USA,Louisiana
SIGL,SIGNAL ADVANCE INC,OTCID,0.197300,0.049468,858,Common Stock,USA,Texas
HNOI,HNO INTERNATIONAL INC,OTCQB,0.265125,0.205114,270,Common Stock,USA,California
VTXB,VORTEX BRANDS CO,Pink Limited,0.000100,0.000000,12961000,Common Stock,USA,California
CPXGF,CINEPLEX INC,Pink Limited,7.470000,0.045486,17165,Foreign Ordinary Shares,Canada,Ontario
BLGVF,BELGRAVIA HARTFORD INC,OTCQB,0.019000,0.079545,11150,Foreign Ordinary Shares,Canada,British Columbia
BARUF,BARU GOLD CORP,OTCQB,0.038600,0.023873,65400,Foreign Ordinary Shares,Canada,British Columbia
PBSV,PHARM-BIO SERV INC,OTCQB,0.590000,0.020761,7186,Common Stock,USA,Puerto Rico
ULTXF,ULTRA LITHIUM INC,Pink Limited,0.011200,-0.216783,100000,Foreign Ordinary Shares,Canada,British Columbia
AFFU,AFFLUENCE CORP,OTCID,0.000001,-0.990000,18625519,Common Stock,USA,Colorado
FAMDF,FUTURA MEDICAL PLC ORD,Pink Limited,0.023000,0.533333,14000,Foreign Ordinary Shares,United Kingdom,
UEEC,UNITED HEALTH PRODUTS INC,OTCQB,0.057420,-0.097170,21198,Common Stock,USA,New Jersey
HSQVY,HUSQUARVA AB S/ADR,Pink Limited,9.690000,-0.002060,9253,ADRs,Sweden,
HUSQF,HUSQVARNA AB B SHS,Pink Limited,5.000000,-0.013807,1000,Foreign Ordinary Shares,Sweden,
PYTCY,PLAYTECH PLC UNSP/ADR,Pink Limited,10.000000,0.053186,100,ADRs,Isle of Man,
NNAX,NEW MOMENTUM CORP,OTCID,0.000400,-0.111111,4715000,Common Stock,Singapore,
BYOC,BEYOND COMMERCE INC,OTCID,0.000001,0.000000,7599300,Common Stock,USA,Nevada
GOGR,GO GREEN GLOBAL TECH INC,OTCID,0.012075,-0.195000,3400,Common Stock,USA,Connecticut
MEDH,MEDX HOLDINGS INC,OTCID,0.000600,-0.250000,60388,Common Stock,USA,Texas
CVALF,COVALON TECHS LTD,OTCQX,1.310000,0.106419,156822,Foreign Ordinary Shares,Canada,Ontario
VAYK,VAYCAYCHELLA INC,OTCID,0.000900,0.125000,30200,Common Stock,USA,Georgia
THBD,THIRD BENCH INC,OTCID,0.000100,99.000000,3800200,Common Stock,USA,Texas
MGUY,MOGUL ENERGY INTL INC,OTCID,0.002300,0.000000,45313,Common Stock,USA,Florida
CNBX,CNBX PHARMACEUTICAL INC,Pink Limited,0.000100,0.000000,10010,Common Stock,USA,Maryland
OLVRF,OLIVUT RESOURCES LTD,Pink Limited,0.039400,-0.039024,1700,Foreign Ordinary Shares,Canada,Alberta
CBDL,CBD LIFE SCIENCES INC,OTCID,0.000200,0.000000,1500312,Common Stock,USA,Arizona
KTEL,KONATEL INC,OTCQB,0.219900,0.000000,1150,Common Stock,USA,Texas
QYBX,QIAN YUAN BAIXING INC,OTCID,0.008500,-0.011628,223400,Common Stock,USA,Washington
SEGI,SYCAMORE ENTMT GROUP INC,Pink Limited,0.000355,0.014286,501800,Common Stock,USA,Washington
BBOE,BLACK BOX ENTERTAINMENT,OTCID,0.580200,0.000000,440,Common Stock,Hong Kong,
LUVU,LUVU BRANDS INC,OTCQB,0.026000,-0.203065,60000,Common Stock,USA,Georgia
ONEI,ONEMETA INC.,OTCQB,0.138760,-0.132750,25940,Common Stock,USA,Utah
CYCA,CYTTA CORP,OTCQB,0.018500,-0.106280,130100,Common Stock,USA,Nevada
RDAR,RAADR INC,OTCID,0.000250,-0.166667,58631071,Common Stock,USA,Florida
HSTA,HESTIA INSIGHT INC,OTCQB,0.048000,0.200000,12569,Common Stock,USA,Nevada
RDRIF,NEW STRATUS ENERGY INC,Pink Limited,0.360000,-0.014509,13500,Foreign Ordinary Shares,Canada,Alberta
BFCH,BITFRONTIER CAPITAL HLDGS,OTCID,0.000500,-0.166667,21919206,Common Stock,USA,Pennsylvania
UECXF,URANO ENERGY CORP,OTCQB,0.060450,0.099091,8820,Foreign Ordinary Shares,Canada,British Columbia
CELV,CELLEV8 NUTRITION INC,OTCID,0.084000,0.000000,39600,Common Stock,USA,Florida
BLQC,BLOCKQUARRY CORP,OTCID,0.012800,0.000000,273270,Common Stock,USA,Texas
DPUKY,DOMINOS PIZZA U&I UNS/ADR,Pink Limited,5.440000,-0.009107,20056,ADRs,United Kingdom,
GVDI,GOLDEN VALLEY DEVELOPMENT,Pink Limited,0.012600,-0.030769,1200,Common Stock,USA,Wyoming
ECGI,ECGI HOLDINGS INC,OTCID,0.000550,-0.083333,2753548,Common Stock,USA,California
NAUH,NATL AMER UNIVERSITY HLDG,OTCQB,0.026100,-0.258523,4705,Common Stock,USA,South Dakota
GPLS,GEOPULSE EXPLORATIONS INC,Pink Limited,0.026930,0.218552,58040,Common Stock,USA,California
TGNT,TOTALIGENT INC,OTCID,0.013300,-0.095238,41405,Common Stock,USA,Florida
VPRB,VPR BRANDS LP,OTCQB,0.020000,-0.200000,31335,Common Stock,USA,Florida
STSN,STEMSATION INTL INC,OTCID,0.003300,-0.057143,282904,Common Stock,USA,Florida
IFXY,INFRAX SYSTEMS INC,Pink Limited,0.000200,0.000000,625224,Common Stock,USA,Texas
PSRU,VALIANT EAGLE INC,OTCID,0.000050,-0.500000,241928,Common Stock,USA,California
UBQU,UBIQUITECH SOFTWARE CORP,Pink Limited,0.000050,0.000000,3500001,Common Stock,USA,Arkansas
HPQFF,HPQ SILICON INC,OTCQB,0.134800,-0.050704,16468,Foreign Ordinary Shares,Canada,Quebec
CBIH,CANNABIS BIOSCI INTL HLDG,OTCID,0.000450,0.125000,1456411,Common Stock,USA,Texas
CRECF,CRITICAL ELEMENTS LITHIUM,OTCQX,0.320000,0.003449,7000,Foreign Ordinary Shares,Canada,Quebec
KLYG,KELYNIAM GLOBAL INC,OTCID,0.105000,-0.009434,15000,Common Stock,USA,Connecticut
BYRG,BUYER GROUP INTL INC,OTCID,0.001900,0.000000,94551,Common Stock,USA,Wyoming
NMEX,NORTHERN MINERALS & EXPL,Pink Limited,0.135900,-0.000735,735,Common Stock,USA,Utah
CATV,4CABLE TV INTL INC,Pink Limited,0.000200,0.000000,1044999,Common Stock,USA,Florida
OCLN,ORIGINCLEAR INC,OTCID,0.000700,-0.125000,150000,Common Stock,USA,Florida
UNICY,UNICHARM CORP S/ADR,Pink Limited,3.510000,-0.016807,90320,ADRs,Japan,
CBGL,CANNABIS GLOBAL INC,Pink Limited,0.000100,1.000000,4724000,Common Stock,USA,California
ENZC,ENZOLYTICS INC,OTCID,0.000500,-0.166667,28156431,Common Stock,USA,Texas
MDCE,MEDICAL CARE TECHS INC,OTCID,0.000300,0.000000,1541042,Common Stock,USA,Arizona
RMSL,REMSLEEP HOLDINGS INC,OTCID,0.006000,-0.090909,14211913,Common Stock,USA,Georgia
GCEI,GLOBAL CLEAN ENERGY INC,OTCID,0.053700,0.095918,261680,Common Stock,USA,Texas
SLDC,SOLIDUS COMMUNICATION INC,OTCID,0.000900,0.000000,380,Common Stock,USA,Florida
GEAT,GREETEAT CORPORATION,OTCID,0.015000,-0.172185,48602,Common Stock,USA,Nevada
GWTI,GREENWAY TECHNOLOGIES INC,OTCQB,0.032500,0.111111,55584,Common Stock,USA,Texas
BRNGF,BURU ENERGY LTD ORD,Pink Limited,0.015000,0.071429,50000,Foreign Ordinary Shares,Australia,
RPMT,REGO PAYMENT ARCHITECTURE,OTCQB,0.335325,0.075104,1000,Common Stock,USA,Pennsylvania
CBTC,XTRA BITCOIN INC,OTCID,0.000750,0.153846,1872407,Common Stock,USA,Idaho
RMRK,RIMROCK GOLD CORP,OTCID,0.000300,0.000000,28765,Common Stock,Canada,Ontario
NRBT,NOVUS ROBOTICS INC,OTCID,0.030980,0.064605,416,Common Stock,Canada,Ontario
DDDX,3DX INDUSTRIES INC,OTCID,0.009750,0.083333,329090,Common Stock,USA,Washington
SOUTF,SOUTHERN ENERGY CORP,Pink Limited,0.045500,0.012799,100000,Foreign Ordinary Shares,Canada,Alberta
CGAC,CODE GREEN APPAREL,Pink Limited,0.000100,0.000000,9000,Common Stock,USA,Texas
MSMY,MC ENDEAVORS INC,OTCID,0.001000,0.000000,16614,Common Stock,USA,California
HALB,HALBERD CORP,OTCID,0.001500,-0.062500,12500,Common Stock,USA,Pennsylvania
BONXF,BONTERRA RES INC ORD,OTCQX,0.140000,0.005169,186530,Foreign Ordinary Shares,Canada,Quebec
BUDZ,WEED INC,OTCQB,0.030000,-0.041534,44647,Common Stock,USA,Arizona
FEEXF,FERREXPO PLC ORD,Pink Limited,0.680000,0.172414,2000,Foreign Ordinary Shares,Switzerland,
LUCRF,LUCARA DIAMOND CORP,Pink Limited,0.210000,-0.013621,2513,Foreign Ordinary Shares,Canada,British Columbia
MITI,MITESCO INC,OTCQB,0.083000,0.004077,226,Common Stock,USA,Florida
BUENF,BLUE ENERGY LTD,Pink Limited,0.004500,-0.021739,85527,Foreign Ordinary Shares,,
BIXT,BIOXYTRAN INC,OTCQB,0.042450,0.010714,366794,Common Stock,USA,Massachusetts
GRWC,GROW CAPITAL INC,OTCID,0.240000,0.000000,651,Common Stock,USA,Nevada
VYST,VYSTAR CORP,OTCQB,0.057000,0.140000,60595,Common Stock,USA,Massachusetts
BSEAF,BRAEMAR SHIPPING SRVS ORD,Pink Limited,2.890000,0.003472,900,Foreign Ordinary Shares,United Kingdom,
GMER,GOOD GAMING INC,OTCID,0.006300,0.000000,5300,Common Stock,USA,Pennsylvania
BETRF,BETTERLIFE PHARMA INC,OTCQB,0.042000,-0.051919,13595,Foreign Ordinary Shares,Canada,British Columbia
BRVO,BRAVO MULTINATIONAL INC,Pink Limited,0.026780,-0.200597,1000,Common Stock,USA,Virginia
ASKE,ALASKA PACIFIC ENERGY,OTCID,0.000100,0.000000,1015100,Common Stock,USA,Florida
WYNMF,WYNN MACAU LTD ORD,Pink Limited,0.708100,-0.055867,100,Foreign Ordinary Shares,China,
QGSI,QUANTGATE SYSTEMS INC,Pink Limited,0.016200,0.021438,69373,Common Stock,USA,New York
MSEZ,MEDIA SENTIMENT INC,OTCID,0.067060,0.338523,51798,Common Stock,USA,New York
STEV,STEVIA CORP,Pink Limited,0.001413,0.009286,40900,Common Stock,USA,New York
GMBL,ESPORTS ENTMNT GRP INC,Pink Limited,0.183225,0.077160,1892,Common Stock,Malta,
GMBLP,ESPORTS ENTMNT GRP PFD,Pink Limited,0.040000,0.000000,300,Preferred Stock,Malta,
DOGP,DOGECOIN CASH INC,OTCQB,0.015860,0.023226,100447,Common Stock,USA,Nevada
CLEV,CONCRETE LEVELING SYS INC,OTCID,0.675000,0.679104,200,Common Stock,USA,Ohio
PRTDF,PETRO MATAD LTD ORD,Pink Limited,0.015600,-0.156757,22000,Foreign Ordinary Shares,Isle of Man,
ITAYY,INDO TAMBANGRAYA UNSP/ADR,Pink Limited,2.750000,0.018519,12200,ADRs,Indonesia,
RRTS,ROADRUNNER TRANS SYS INC,Pink Limited,2.700000,-0.053196,35409,Common Stock,USA,Illinois
HYSR,SUNHYDROGEN INC.,OTCQB,0.023400,0.000000,8613563,Common Stock,USA,Iowa
MONI,MOON EQUITY HLDGS CORP,OTCID,0.003300,-0.049539,3250,Common Stock,USA,Florida
AAGC,ALL AMERICAN GOLD CORP,OTCID,0.000800,0.000000,1250000,Common Stock,USA,Wyoming
ECTM,ECA MARCELLUS TRUST I,OTCID,0.501000,-0.120744,9564,Units,USA,Texas
BEPTF,BEACH PETROLEUM LTD,Pink Limited,0.784260,0.006998,5000,Foreign Ordinary Shares,Australia,
NMTAF,NEOMETALS LTD ORD,OTCQB,0.032500,-0.044118,30000,Foreign Ordinary Shares,Australia,Western Australia
PWRMF,POWER METALS CORP,OTCQB,0.459500,0.013677,113478,Foreign Ordinary Shares,Canada,British Columbia
SFUNY,FANG HOLDINGS LTD ADR,Pink Limited,1.520000,0.900000,611,ADRs,,
CHEV,CHARGING ROBOTICS INC,OTCID,4.860000,-0.016194,1630,Common Stock,Israel,
MAPPF,PROSTAR HLDGS INC,OTCQB,0.100000,0.249844,92000,Foreign Ordinary Shares,USA,Colorado
SEUSF,SINATRA ENERGY,OTCQX,0.364915,0.042614,144270,Foreign Ordinary Shares,Canada,Ontario
XBOTF,REALBOTIX CORP,OTCQB,0.191600,-0.017436,421190,Foreign Ordinary Shares,Canada,Ontario
PNDRY,PANDORA A/S U/ADR,Pink Limited,9.900000,-0.047161,233003,ADRs,Denmark,
FYMNF,FINLAY MINERALS LTD ORD,OTCQB,0.083435,-0.009674,3762,Foreign Ordinary Shares,Canada,British Columbia
DRCR,DEAR CASHMERE HOLDING CO,OTCID,0.013850,-0.044828,5836,Common Stock,USA,New York
ASPU,ASPEN GROUP INC,OTCQB,0.152500,0.030405,50225,Common Stock,USA,Arizona
GGSM,GOLD AND GEMSTONE MNG INC,OTCID,0.000600,0.200000,67010001,Common Stock,Indonesia,
BDCC,BLACKWELL 3D CONSTR CP,OTCID,0.021000,0.039604,8505,Common Stock,United Arab Emirates,
OCDDY,OCADO GROUP PLC SPNS/ADR,Pink Limited,6.290000,-0.011006,579,ADRs,United Kingdom,
OCDGF,OCADO GROUP PLC,Pink Limited,3.220000,0.080537,1223,Foreign Ordinary Shares,United Kingdom,
XERI,XERIANT INC,OTCID,0.008600,-0.033708,160312,Common Stock,USA,Florida
AITX,ARTIFICIAL INTL SLTNS,OTCID,0.000500,0.000000,96503424,Common Stock,USA,Michigan
BLMH,BLUM HOLDINGS INC.,OTCQB,0.260000,0.016022,39494,Common Stock,USA,California
BLTH,AMERICAN BATTERY MATERIAL,OTCID,4.000000,-0.182004,958,Common Stock,USA,Connecticut
NASC,NASCENT PHARMA HOLDINGS,Pink Limited,0.014100,-0.132308,703384,Common Stock,USA,New York
SBMSF,DANAKALI LTD ORD,Pink Limited,0.050000,-0.374218,13300,Foreign Ordinary Shares,Australia,Western Australia
MRVSY,MINERVA SA S/ADR,OTCID,4.450000,-0.095528,224,ADRs,Brazil,
SVVC,FIRSTHAND TEC VAL FUND,OTCQB,0.017500,-0.342105,3199,Common Stock,USA,California
HAYAF,HAYASA METALS INC,OTCQB,0.046160,-0.034310,28000,Foreign Ordinary Shares,Canada,British Columbia
TSRYY,TREASURY WINE EST S/ADR,Pink Limited,3.275000,0.036392,164750,ADRs,Australia,Victoria
URGYF,BEDFORD METALS CORP,Pink Limited,0.147700,-0.179444,205,Foreign Ordinary Shares,Canada,British Columbia
LTGHY,LIFE HLTHCRE GRP USP/ADR,Pink Limited,3.100000,0.000000,208378,ADRs,South Africa,
VISL,VISLINK TECHNOLOGIES INC,OTCQB,1.500000,-0.062500,574,Common Stock,USA,New Jersey
FGCO,FINANCIAL GRAVITY COMP,OTCID,0.085000,0.062500,17100,Common Stock,USA,Texas
PYRGF,PYROGENESIS INC,OTCQX,0.330600,0.016918,133306,Foreign Ordinary Shares,Canada,Quebec
SFRGY,SALVATORE FERRAG UNSP/ADR,Pink Limited,4.025000,-0.011057,2835,ADRs,Italy,
STTX,STRATEX OIL & GAS HLDG,OTCID,0.002760,-0.254054,370156,Common Stock,USA,Connecticut
SCNA,SMART CANNABIS CORP,Pink Limited,0.000300,0.000000,1030326,Common Stock,USA,California
CHKR,CHESAPEAKE GRANITE WATR,OTCID,0.415000,0.000000,21183,Units,USA,Texas
PAANF,PAN AMERN ENERGY CORP,OTCQB,0.385380,-0.188674,91232,Foreign Ordinary Shares,Canada,Alberta
SXOOF,ST GEORGES ECO MNG CORP,OTCQB,0.029400,-0.020000,323668,Foreign Ordinary Shares,Canada,Quebec
FUNI,"HYPHA LABS, INC.",OTCQB,0.030100,-0.076687,1100,Common Stock,USA,Nevada
BCDS,BLAQCLOUDS INC,OTCID,0.005650,0.005338,2091040,Common Stock,USA,Pennsylvania
IEGCF,INDEPENDENCE GOLD CORP,OTCQB,0.076000,0.009028,86152,Foreign Ordinary Shares,Canada,British Columbia
LCTC,LIFELOC TECHNOLOGIES INC,OTCID,2.140000,-0.262069,200,Common Stock,USA,Colorado
BTZI,BOTS INC,Pink Limited,0.001500,-0.062500,372585,Common Stock,USA,Puerto Rico
WNFT,WORLDWIDE NFT INC,Pink Limited,0.004400,0.000000,75244,Common Stock,USA,Nevada
IPNFF,IMAGINEAR INC,OTCQB,0.012550,0.020325,20000,Foreign Ordinary Shares,USA,Pennsylvania
BIEI,PREMIER BIOMEDICAL INC,OTCID,0.000600,-0.142857,50520075,Common Stock,USA,California
ATOXF,QUANTUM CRITICAL MTLS CRP,OTCQB,0.093400,-0.105321,20666,Foreign Ordinary Shares,Canada,British Columbia
ARRT,ARTISAN CONSUMER GOODS,Pink Limited,0.198900,0.105000,5170,Common Stock,USA,Washington
MRMD,MARIMED INC,OTCQX,0.081680,-0.063303,297991,Foreign Ordinary Shares,USA,Massachusetts
ELEK,ELEKTROS INC,Pink Limited,0.004200,-0.086957,2805300,Common Stock,USA,Florida
FSTJ,FIRST AMERICA RES CORP,Pink Limited,0.510000,0.002162,500,Common Stock,USA,Illinois
LTNC,LABOR SMART INC,OTCID,0.000100,-0.500000,31839161,Common Stock,USA,Wyoming
MDMP,MDM PERMIAN INC,OTCID,0.003400,0.000000,200,Common Stock,USA,Texas
UNIF,U&I FINANCIAL CORP,OTCQX,3.920000,0.056604,200,Common Stock,USA,Washington
STCB,STARCO BRANDS INC CL A,OTCQB,0.030000,0.382488,10000,Common Stock,USA,California
ETST,EARTH SCIENCE TECH INC,OTCID,0.110000,-0.059347,66980,Common Stock,USA,Florida
TPHS,TRINITY PLACE HLDGS INC,Pink Limited,0.028065,0.109289,2493,Common Stock,USA,New York
VIZC,VIZCONNECT INC,Pink Limited,0.000200,0.000000,50000,Common Stock,USA,Maine
WTXR,WEST TEXAS RESOURCES INC,Pink Limited,0.084990,-0.055667,17749,Common Stock,USA,Texas
RJDG,RJD GREEN INC,Pink Limited,0.006700,0.030769,93159,Common Stock,USA,Oklahoma
AXXA,EXXE GROUP INC,OTCID,0.000450,-0.100000,72825,Common Stock,USA,New York
TONR,TONNER-ONE WORLD HOLDINGS,OTCID,0.000100,-0.500000,32657420,Common Stock,USA,Texas
BBUZ,BEBUZEE INC,OTCID,0.014780,-0.104242,73500,Common Stock,USA,Florida
BKIRF,BLACK IRON INC,OTCID,0.092000,-0.050568,111560,Foreign Ordinary Shares,Canada,Ontario
SKKY,SKKYNET CLOUD SYSTEMS INC,OTCQB,0.260000,0.000385,2100,Common Stock,Canada,Ontario
CWGL,CRIMSON WINE GROUP LTD,OTCQB,4.650000,0.026490,16808,Common Stock,USA,California
AHOTF,AMERICAN HOTEL I/P REIT,OTCQX,0.345160,0.022696,200,Units,Canada,British Columbia
GEBRF,GREENBRIAR SUSBLE LIVING,Pink Limited,0.274000,-0.086667,300,Foreign Ordinary Shares,Canada,British Columbia
STME,STIMCELL ENERGETICS INC,OTCQB,0.375600,0.073143,50222,Common Stock,Canada,British Columbia
PTHRF,PANTHEON RES PLC ORD,OTCQX,0.103450,-0.035881,199100,Foreign Ordinary Shares,United Kingdom,England
EVKIY,EVONIK INDS AG UNSP/ADR,Pink Limited,8.900000,0.010216,4649,ADRs,Germany,
APCOF,AMERICAN CRITICAL MINERAL,OTCQB,0.134000,-0.007407,29000,Foreign Ordinary Shares,Canada,British Columbia
SECUF,SSC SEC SVCS CORP,OTCQX,1.600000,0.009464,1600,Foreign Ordinary Shares,Canada,Saskatchewan
SNNC,SIBANNAC INC,OTCID,0.006400,0.163636,143575,Common Stock,USA,Arizona
ASAPF,AURORA SPINE CORP,OTCQB,0.210000,0.002865,500,Foreign Ordinary Shares,Canada,British Columbia
AACTF,AURORA SOLAR TECHNOLOGIES,Pink Limited,0.006000,0.000000,2000,Foreign Ordinary Shares,Canada,British Columbia
HRGN,HARVARD APPRATS REG TCH,OTCQB,1.800000,0.066351,750,Common Stock,USA,Massachusetts
STKKF,STRIKE ENERGY LTD,Pink Limited,0.081750,0.606090,193,Foreign Ordinary Shares,,
MNIZ,GEN 2 TECHNOLOGIES INC,OTCID,0.149769,0.009443,1375,Common Stock,Canada,British Columbia
RTON,RIGHT ON BRANDS INC,OTCID,0.010000,-0.333333,14481,Common Stock,USA,Texas
ATIXF,ANALYTIXINSIGHT INC,Pink Limited,0.014500,0.006944,10000,Foreign Ordinary Shares,Canada,Ontario
SNIPF,SNIPP INTERACTIVE INC,Pink Limited,0.039600,0.131429,387000,Foreign Ordinary Shares,Canada,British Columbia
DRTTF,DIRTT ENVIRONMENTAL SLTNS,OTCQX,0.650000,0.031746,63250,Foreign Ordinary Shares,Canada,Alberta
CANOF,CALIFORNIA NANOTECHS CORP,OTCID,0.237700,-0.010820,3000,Foreign Ordinary Shares,Canada,Ontario
APTY,APT SYSTEMS INC,OTCID,0.000300,-0.142857,1745122,Common Stock,USA,California
DRNG,DRONE GUARDER INC,Pink Limited,0.000200,0.000000,1430000,Common Stock,USA,California
KSIOF,KNEAT COM INC,OTCQX,3.073500,0.024500,8682,Foreign Ordinary Shares,Ireland,
RSSFF,AFFINOR GROWERS INC,Pink Limited,0.021000,0.000000,200,Foreign Ordinary Shares,Canada,British Columbia
JROOF,JERICHO ENERGY VENTURS,OTCID,0.073500,0.035211,195000,Foreign Ordinary Shares,Canada,British Columbia
HLOC,HELO CORP,Pink Limited,0.450200,0.000444,1000,Common Stock,USA,Florida
PRPI,PERPETUAL INDS INC,Pink Limited,0.004160,-0.702857,88154,Common Stock,USA,Indiana
CIAFF,CHAMPION IRON LTD,OTCQX,3.810000,0.038713,295,Foreign Ordinary Shares,Australia,New South Wales
MTLFF,METALLIS RESOURCES INC,OTCQB,0.127620,0.048644,46500,Foreign Ordinary Shares,Canada,British Columbia
BDPT,BIOADAPTIVES INC,OTCID,0.019900,0.163743,2923,Common Stock,USA,Nevada
PAHGF,PETS AT HOME GRP ORD,Pink Limited,2.720100,-0.103746,4000,Foreign Ordinary Shares,,
MTHRY,M3 INC UNSP/ADR,Pink Limited,4.900000,0.022965,197997,ADRs,Japan,
RGBP,REGEN BIOPHARMA INC,OTCID,0.001213,0.010833,4216783,Common Stock,USA,California
RGBPP,REGEN BIOPHARMA PFD A,OTCID,0.001900,-0.257813,28305,Preferred Stock,USA,California
SSGC,SAFESPACE GLOBAL CORP,OTCID,0.210000,0.006350,184153,Common Stock,USA,Tennessee
TLGRF,TALGA GROUP LTD,OTCQX,0.250000,0.135847,2930,Foreign Ordinary Shares,Australia,Western Australia
STEK,STEMTECH CORP,OTCID,0.000400,0.142857,37322,Common Stock,USA,Florida
APYP,APPYEA INC,OTCQB,0.017500,0.158940,63681,Common Stock,Israel,
XALL,XALLES HOLDINGS INC,OTCID,0.000500,-0.166667,39200465,Common Stock,USA,Washington DC
NGLD,NEVADA CANYON GOLD CORP,OTCQX,0.666040,0.114059,147544,Common Stock,USA,Nevada
UCLE,US NUCLEAR CORP,Pink Limited,0.072000,0.000000,101124,Common Stock,USA,California
BCHPY,BRAINCHIP HLDGS LTD S/ADR,OTCQX,3.860000,0.015789,3439,ADRs,Australia,New South Wales
BRCHF,BRAINCHIP HLDGS LTD ORD,OTCQX,0.101450,0.102717,616854,Foreign Ordinary Shares,Australia,New South Wales
AQSZF,AEQUUS PHARMACEUTICAL INC,Pink Limited,0.003960,-0.195122,300,Foreign Ordinary Shares,Canada,British Columbia
FRQN,FREQUENCY HOLDINGS INC.,OTCID,0.000200,0.000000,43243155,Common Stock,USA,Illinois
DTEAF,DAVIDSTEA INC,Pink Limited,0.580500,0.036607,3695,Foreign Ordinary Shares,Canada,Quebec
ATDRF,AUTOTRADER GROUP PLC,Pink Limited,6.547500,0.060324,671,Foreign Ordinary Shares,United Kingdom,
ATDRY,AUTOTRADER GRP UNSP/ADR,Pink Limited,1.580000,0.000000,1192319,ADRs,United Kingdom,
CRYBF,DYNAMITE BLOCKCHAIN CORP,Pink Limited,0.034900,-0.069333,660,Foreign Ordinary Shares,Canada,British Columbia
CBDY,TARGET GROUP INC,Pink Limited,0.001413,0.014358,1666,Common Stock,Canada,Ontario
OWPC,ONE WORLD PRODUCTS INC,OTCQB,0.010950,0.335366,290694,Common Stock,USA,Nevada
BRQSF,BORQS TECH CORP,OTCQB,0.106400,-0.082759,9377,Common Stock,Hong Kong,
BTCY,BIOTRICITY INC,OTCQB,0.270440,-0.034143,27873,Common Stock,USA,California
RCRUY,RECRUIT HOLDINGS CO ADR,Pink Limited,8.220000,0.024938,3045855,ADRs,Japan,
VMNT,VEMANTI GROUP INC,OTCID,0.079900,0.212443,272312,Common Stock,USA,California
SIGY,SIGYN THERAPEUTICS INC,OTCQB,0.101000,-0.389728,23716,Common Stock,USA,California
LEEEF,LEEF BRANDS INC,OTCQB,0.137800,0.136964,68058,Foreign Ordinary Shares,Canada,British Columbia
EDDRF,EDREAMS ODIGEO SA ORD,Pink Limited,3.380000,-0.157107,24013,Foreign Ordinary Shares,,
WRDLY,WORLDLINE SA UNSP/ADR,Pink Limited,0.786800,-0.017483,1533,ADRs,France,
USDP,USD PARTNERS LP,Pink Limited,0.003660,0.220000,869,Common Stock,USA,Texas
AGNPF,ALGERNON HEALTH INC A,OTCQB,0.028185,-0.194714,3384,Foreign Ordinary Shares,Canada,British Columbia
WSTRF,WESTERN URANIUM&VANADIUM,OTCQX,0.585980,-0.022503,204706,Foreign Ordinary Shares,Canada,Ontario
DREM,DREAM HOMES & DEV CORP,Pink Limited,0.017500,0.000000,6300,Common Stock,USA,New Jersey
MHIVF,INVESQUE INC,Pink Limited,0.090000,-0.100000,12629,Foreign Ordinary Shares,Canada,British Columbia
SDSYA,SOUTH DAK SOY UNIT CL A,Pink Limited,7.750000,0.033333,41500,Units,USA,South Dakota
GPUSF,ALSET AI VENTURES INC,Pink Limited,0.042100,0.162983,104501,Foreign Ordinary Shares,Canada,British Columbia
CINGF,COINSILIUM GROUP LTD ORD,OTCQB,0.039700,-0.026961,663878,Foreign Ordinary Shares,British Virgin Islands,
MGPPF,MEGAPORT LTD ORD,Pink Limited,5.800000,0.000431,1000,Foreign Ordinary Shares,,
GPFT,GRAPEFRUIT USA INC,OTCID,0.000600,0.081081,11010,Common Stock,USA,California
WCFB,WCF BANCORP INC,OTCID,6.300000,0.016949,100,Common Stock,USA,Iowa
DNNGY,ORSTED A/S UNSP/ADR,Pink Limited,8.160000,-0.004878,128377,ADRs,Denmark,
KNEVF,KINNEVIK AB AK B,Pink Limited,6.890000,-0.084993,843,Foreign Ordinary Shares,Sweden,
ITHUF,IANTHUS CAPITAL HLDG ORD,OTCID,0.005000,0.111111,321548,Foreign Ordinary Shares,Canada,Ontario
SNEGF,SOUND ENERGY PLC ORD,Pink Limited,0.013580,-0.467451,1000,Foreign Ordinary Shares,United Kingdom,England
CDTAF,INFINITII AI INC,OTCQB,0.026200,-0.126667,4545,Foreign Ordinary Shares,Canada,British Columbia
ILLMF,ILLUMIN HOLDINGS INC,OTCQB,0.682100,-0.010732,865,Foreign Ordinary Shares,Canada,Ontario
ECNCF,ECN CAPITAL CORP ORD,Pink Limited,2.230000,-0.006017,3000,Foreign Ordinary Shares,Canada,Ontario
XITO,XENOUS HLDGS INC,Pink Limited,0.025000,7.333333,30655,Common Stock,Hong Kong,
GFGSF,GFG RESOURCES INC,OTCQB,0.110000,-0.009009,7000,Foreign Ordinary Shares,Canada,Saskatchewan
TRUFF,RED LIGHT HOLLAND CORP,OTCQB,0.012100,-0.097015,115047,Foreign Ordinary Shares,Canada,Ontario
LBUY,LEAFBUYER TECHNOLOGIES,Pink Limited,0.017000,0.133333,30000,Common Stock,USA,Colorado
INND,INNERSCOPE HEARNG TECH,OTCID,0.000900,0.046512,198510,Common Stock,USA,California
FFXXF,HELIOS FAIRFAX PARTNERS,Pink Limited,2.000000,0.000000,100,Foreign Ordinary Shares,Canada,Ontario
QGAI,QUANTUM GENESIS AI CORP,OTCID,0.800000,0.000000,354,Common Stock,USA,California
FBRKF,FBR LTD ORD,OTCID,0.003700,0.000000,131578,Foreign Ordinary Shares,Australia,Western Australia
WLFFF,WOLFDEN RES CORP ORD,Pink Limited,0.020500,-0.707143,5000,Foreign Ordinary Shares,,
PCELF,POWERCELL SWEDEN AB ORD,Pink Limited,2.360000,0.048889,530,Foreign Ordinary Shares,Sweden,
ALTPF,ALTIPLANO METALS INC ORD,Pink Limited,0.036700,-0.008108,30000,Foreign Ordinary Shares,Canada,Alberta
DDHRF,DREAM IMPACT TRUST UNIT,Pink Limited,1.370000,-0.035211,500,Units,Canada,Ontario
BDVB,BAGGER DAVE'S BURGER,Pink Limited,0.044000,0.009174,250,Common Stock,USA,Minnesota
BRLL,BARREL ENERGY INC,OTCID,0.002600,0.238095,101863,Common Stock,USA,Nevada
IBATF,INTERNATIONAL BAT MET ORD,OTCQB,0.136095,0.032196,282905,Foreign Ordinary Shares,USA,Texas
GBBGF,GLOBAL LI-ION GRAPH ORD,Pink Limited,0.022500,-0.075596,5500,Foreign Ordinary Shares,Canada,British Columbia
DCNNF,QUEST CRITICAL METALS INC,Pink Limited,0.021900,-0.124000,5000,Foreign Ordinary Shares,Canada,British Columbia
MDNAF,MEDICENNA THERA CORP,OTCQX,0.652800,-0.042815,38720,Foreign Ordinary Shares,Canada,Ontario
RHEP,REGIONAL HEALTH PRTYS INC,OTCQB,1.262100,-0.092014,10555,Common Stock,USA,Georgia
RHEPB,REGIONAL HLTH PPTY B PFD,OTCQB,5.800000,-0.016949,3300,Preferred Stock,USA,Georgia
NNXPF,NANOXPLORE INC,OTCQX,1.546000,0.003896,25810,Foreign Ordinary Shares,Canada,Quebec
PUMSY,PUMA SE UNSP/ADR,Pink Limited,2.625000,-0.024164,523,ADRs,Germany,
EXROF,EXRO TECHNOLOGIES INC,Pink Limited,0.000600,0.500000,1179795,Foreign Ordinary Shares,Canada,Alberta
ENSCW,ENSYSCE BIOSCIENCE WTS,Pink Limited,0.002500,-0.285714,20000,Warrants,USA,California
PRRVF,PROVIDENCE GOLD MINES INC,Pink Limited,0.054000,0.237113,4000,Foreign Ordinary Shares,Canada,British Columbia
BBKCF,BIGG DIGITAL ASSETS INC,OTCQB,0.048500,0.002066,93941,Foreign Ordinary Shares,Canada,British Columbia
SAENF,SOLAR ALLIANCE ENERGY NEW,Pink Limited,0.014500,0.028369,200000,Foreign Ordinary Shares,Canada,British Columbia
AYRWF,AYR WELLNESS INC,Pink Limited,0.021950,0.155263,56535,Foreign Ordinary Shares,USA,Florida
NPPTF,NEPTUNE DIGITAL ASSETS,OTCQX,0.594800,0.070776,116920,Foreign Ordinary Shares,Canada,British Columbia
WHTCF,WELL HEALTH TECH CORP ORD,OTCQX,2.923000,0.008975,36671,Foreign Ordinary Shares,Canada,British Columbia
AMTFF,AMERITRUST FNCL TECHS INC,OTCQB,0.047000,0.159921,4860,Foreign Ordinary Shares,Canada,Ontario
BYLTF,BAYLIN TECHNOLOGIES INC,OTCQB,0.170000,-0.190071,4000,Foreign Ordinary Shares,Canada,Ontario
APXYY,APPEN LTD UNSP/ADR,Pink Limited,0.580000,0.024735,999,ADRs,,
ETCG,GRAYSCALE ETHRM CLSSIC TR,OTCQX,5.000000,0.091703,33407,Common Stock,USA,Connecticut
NLLSF,NEL ASA,Pink Limited,0.218300,0.039524,5342,Foreign Ordinary Shares,Norway,
DELHY,DELIVERY HERO SE UNSP/ADR,Pink Limited,2.250000,-0.008811,170684,ADRs,Germany,
AASZF,ATLANTIC SAPPHIRE AS,OTCQB,0.510000,0.133333,14444,Foreign Ordinary Shares,USA,Florida
BFGFF,GIANT MINING CORP,OTCID,0.145800,0.023481,1459175,Foreign Ordinary Shares,Canada,British Columbia
CSUI,CANNABIS SUISSE CORP,OTCID,0.006200,-0.088235,100000,Common Stock,USA,Florida
GTBIF,GREEN THUMB INDUS SUB VTG,OTCQX,6.520000,-0.021006,373076,Foreign Ordinary Shares,USA,Illinois
AVTBF,AVANT BRANDS INC,OTCQX,0.616000,-0.009805,1382,Foreign Ordinary Shares,Canada,British Columbia
THQQF,EMBRACER GROUP AB,Pink Limited,5.870000,0.000853,1900,Foreign Ordinary Shares,Sweden,
VIVC,VIVIC CORP,OTCQB,0.036200,-0.574118,41000,Common Stock,USA,Nevada
HELFY,HELLOFRESH SE UNSP/ADR,Pink Limited,1.350000,0.001855,31332,ADRs,Germany,
HLFFF,HELLOFRESH SE ORD,Pink Limited,5.447000,-0.027321,2500,Foreign Ordinary Shares,Germany,
PLNH,PLANET 13 HLDGS INC NEV,OTCQX,0.177265,0.019350,411838,Foreign Ordinary Shares,USA,Nevada
GSCCF,IONEER LTD,Pink Limited,0.100000,0.015228,103550,Foreign Ordinary Shares,Australia,New South Wales
TLPPF,TELIX PHARM LTD,Pink Limited,6.800000,0.004802,2698,Foreign Ordinary Shares,Australia,Victoria
XIACF,XIAOMI CORP,Pink Limited,4.565000,-0.010834,4318,Common Stock,Hong Kong,
IZOZF,IZOTROPIC CORP,OTCQB,0.175522,-0.004300,33170,Foreign Ordinary Shares,Canada,British Columbia
BTKRF,Q PRECIOUS & BATTERY CORP,Pink Limited,0.066700,0.102479,30050,Foreign Ordinary Shares,Canada,British Columbia
QTTOY,QUTOUTIAO INC ADR,Pink Limited,0.003500,0.000000,598,ADRs,USA,New York
EGLXF,ENTHUSIAST GAMNG HLDG INC,Pink Limited,0.028800,0.014085,38249,Foreign Ordinary Shares,Canada,Ontario
ALYAF,ALITHYA GROUP INC A VTG,Pink Limited,0.988800,-0.001187,10825,Foreign Ordinary Shares,Canada,Quebec
AMGDF,ASTON MARTIN LAGO NEW,Pink Limited,0.760000,-0.019861,37375,Foreign Ordinary Shares,United Kingdom,
ARGGY,ASTON MT LGND UNS/ADR,Pink Limited,0.742550,-0.022156,88404,ADRs,United Kingdom,
FRGGF,FORGE RESOURCES CORP,OTCQB,0.374045,0.024781,2000,Foreign Ordinary Shares,Canada,British Columbia
IPXAF,IMPAX GROUP PLC,Pink Limited,2.080000,0.014634,1500,Foreign Ordinary Shares,United Kingdom,
EMED,ELECTROMEDICAL TECH INC,OTCID,0.000100,-0.333333,92699502,Common Stock,USA,Arizona
ILIKF,ILIKA PLC,OTCQX,0.375000,0.004016,91549,Foreign Ordinary Shares,United Kingdom,
CCCFF,CARLYLE COMMODITIES CORP,Pink Limited,0.010850,-0.092809,66000,Foreign Ordinary Shares,Canada,British Columbia
BQSSF,BOSS ENERGY LTD NEW,OTCQX,1.245000,0.073276,11127,Foreign Ordinary Shares,Australia,Western Australia
OILFF,NEXTLEAF SOLUTIONS LTD,OTCQB,0.037390,0.032303,3632,Foreign Ordinary Shares,Canada,British Columbia
ONAR,ONAR HOLDING CORP,OTCQB,0.005100,-0.150000,824785,Common Stock,USA,Florida
CNTMF,FLUENT CORP,OTCQB,0.039000,0.002828,299340,Foreign Ordinary Shares,USA,Florida
LDDFF,LIBERTY DEFENSE HLDGS LTD,OTCQB,0.120000,-0.076923,230937,Foreign Ordinary Shares,USA,Massachusetts
POSAF,POSABIT SYSTEMS CORP,OTCQB,0.039506,-0.059381,7700,Foreign Ordinary Shares,USA,Washington
CBSTF,THE CANNABIST CO HLDG,OTCQB,0.029300,0.003425,223053,Foreign Ordinary Shares,USA,Massachusetts
AVAI,AVAI BIO INC,OTCQB,0.380000,-0.069540,116850,Common Stock,USA,Nevada
SCPPF,S4 CAPITAL PLC,Pink Limited,0.298200,0.046316,100,Foreign Ordinary Shares,United Kingdom,
HWKE,HAWKEYE SYSTEMS INC,OTCQB,0.053900,-0.101667,2000,Common Stock,USA,Georgia
ALDS,APPLIFE DIGITAL SOLUTIONS,OTCID,0.005100,-0.052925,15000,Common Stock,USA,California
NEXPF,NEXI SPA AZIONI ORDINARIE,Pink Limited,3.900000,-0.075829,200,Foreign Ordinary Shares,Italy,
JSHG,JOSHUA GOLD RESOURCES,OTCID,0.002600,0.130435,939500,Common Stock,Canada,Ontario
ADCOF,ADCORE INC.,OTCQX,0.090000,-0.100000,2500,Foreign Ordinary Shares,Israel,
CWSFF,CIELO WASTE SOLUTIONS CRP,OTCQB,0.046800,-0.004255,30194,Foreign Ordinary Shares,Canada,Alberta
GHBWF,GLASS HOUSE BRANDS  WT 26,Pink Limited,0.150000,-0.117647,43340,Warrants,USA,California
AVCNF,AVICANNA INC,OTCQX,0.130000,0.099459,25510,Foreign Ordinary Shares,Canada,Ontario
BXPHF,BOTANIX PHARMACEUTICALS,Pink Limited,0.045150,0.052448,20000,Common Stock,Australia,Western Australia
DUSXF,DUSTIN GROUP AB,Pink Limited,0.170100,-0.045455,20000,Foreign Ordinary Shares,,
MGROF,MUSTGROW BIOLOGICS CORP,OTCQB,0.392900,0.103745,9200,Foreign Ordinary Shares,Canada,Saskatchewan
RROYF,RE ROYALTIES LTD,OTCQX,0.283800,0.008171,201,Foreign Ordinary Shares,Canada,British Columbia
GRTX,GALERA THERAPEUTICS INC,OTCQB,0.043000,0.303030,67864,Common Stock,USA,Pennsylvania
MCOM,MICROMOBILITY.COM INC A,Pink Limited,0.009000,0.000000,165109,Common Stock,USA,New York
TMVWY,TEAMVIEWER SE UNSP/ADR,Pink Limited,2.590000,-0.033546,833,ADRs,Germany,
NBND,NETBRANDS CORP,OTCID,0.001100,0.100000,680876,Common Stock,USA,New York
BSFC,BLUE STAR FOODS CORP,OTCQB,0.001500,-0.032258,226011,Common Stock,USA,Florida
WBQNL,WOODBRIDGE LIQ TR CL A,Pink Limited,2.400000,-0.020408,1189,Other Security Type,USA,California
EBZT,EVERYTHING BLOCKCHAIN INC,OTCID,0.080000,0.538462,155039,Common Stock,USA,Florida
GLVT,GREENLIT VENTURES INC,Pink Limited,0.115600,2.503030,193,Common Stock,USA,Idaho
RLFTF,RELIEF THERAPEUTICS HLDG,OTCQB,0.945600,-0.004632,4410,Foreign Ordinary Shares,Switzerland,
MVMDF,MOUNTAIN VY MD INC,Pink Limited,0.013700,0.122951,400,Foreign Ordinary Shares,Canada,Ontario
NVNXF,NOVONIX LTD,Pink Limited,0.240000,0.028278,31075,Foreign Ordinary Shares,Australia,Queensland
AZMCF,ARIZONA METALS CORP,OTCQX,0.450500,-0.001773,72531,Foreign Ordinary Shares,Canada,Ontario
ZIZTF,ZIP CO LTD ORD FULLY PAID,Pink Limited,1.302500,0.147577,400,Foreign Ordinary Shares,,
FGLDF,FALCON GOLD CORP,Pink Limited,0.010100,-0.010774,93220,Foreign Ordinary Shares,Canada,British Columbia
LTCN,GRAYSCALE LITECOIN TR LTC,OTCQX,4.440000,0.135550,185043,Common Stock,USA,Connecticut
DPUI,DISCOUNT PRINT USA INC,OTCID,0.000200,-0.200000,55000000,Common Stock,USA,Nevada
BBXIA,BBX CAPITAL INC A,OTCID,3.620000,0.019718,262,Common Stock,USA,Florida
ENTEF,ESE ENTMT INC,Pink Limited,0.045780,0.129812,7401,Foreign Ordinary Shares,Canada,British Columbia
DYNDF,DYE & DURHAM LTD,Pink Limited,2.911500,0.078333,4545,Foreign Ordinary Shares,Canada,Ontario
OWLTW,OWLET INC WTS,Pink Limited,0.010000,0.000000,300,Warrants,USA,Utah
AUMMF,AUMEGA METALS LTD,OTCQB,0.033500,-0.042857,210000,Foreign Ordinary Shares,Australia,Western Australia
NICLF,CLASS 1 NICKEL & TECH,OTCQB,0.073800,-0.128689,35000,Foreign Ordinary Shares,Canada,Ontario
EMOTF,EMERITA RESOURCES CORP,OTCQX,0.380000,0.093211,298403,Foreign Ordinary Shares,Canada,Ontario
IVCTF,INVICTUS ENERGY LTD,OTCQB,0.040000,0.052632,246199,Foreign Ordinary Shares,Australia,Western Australia
SAEYY,REDCARE PHAMACY  UNSP/ADR,Pink Limited,7.000000,-0.153567,100,ADRs,The Netherlands,
OPADW,OFFERPAD SOLUTIONS WTS,Pink Limited,0.008000,0.000000,110001,Warrants,USA,Arizona
CMRF,CIM REAL ESTTE FIN TR INC,Pink Limited,2.200000,-0.058542,2973,Common Stock,USA,Arizona
PCOK,PACIFIC OAK STRATEGIC OPP,Pink Limited,1.450000,4.800000,1723,Common Stock,USA,California
FANCF,FIRST ATLANTIC NICKEL CRP,OTCQB,0.191200,-0.006856,269698,Foreign Ordinary Shares,Canada,British Columbia
PLCKF,PLURILOCK SEC INC,OTCQB,0.120600,-0.042857,33381,Foreign Ordinary Shares,Canada,British Columbia
LTCH,LATCH INC,Pink Limited,0.200000,-0.047619,78794,Common Stock,USA,Missouri
AMMPF,AMMPOWER CORP,Pink Limited,0.009900,0.100000,318652,Foreign Ordinary Shares,Canada,Ontario
PHRRF,PHARMATHER HLDGS LTD,OTCQB,0.058300,-0.112633,145800,Foreign Ordinary Shares,Canada,Ontario
DGTEF,DIGITAL ASSET TECH INC,OTCQB,0.017185,-0.218864,100,Foreign Ordinary Shares,Canada,British Columbia
FOXOW,FOXO TECHNOLOGIES INC WTS,OTCID,0.002700,0.227273,150,Warrants,USA,Florida
IONGF,LITHIUM ION ENERGY LTD,Pink Limited,0.026000,-0.281768,1000,Foreign Ordinary Shares,Canada,Ontario
NEXNF,NEXE INNOVATIONS INC,OTCQB,0.087140,-0.062608,3351,Foreign Ordinary Shares,Canada,Ontario
THORF,THOR ENERGY PLC,OTCID,0.008500,-0.150000,80000,Foreign Ordinary Shares,Australia,Western Australia
SONIF,SONICSTRATEGY INC,OTCQB,0.058710,0.275195,45431,Foreign Ordinary Shares,Canada,Ontario
HLOGF,HELIUM ONE GLOBAL LTD,OTCID,0.007500,-0.062500,89900,Foreign Ordinary Shares,British Virgin Islands,
OZBKF,VALKEA RESOURCES CORP,OTCQB,0.275100,0.007545,100893,Foreign Ordinary Shares,Canada,British Columbia
VHIBF,VITALHUB CORP COM NO PAR,OTCQX,5.700000,-0.012132,35065,Foreign Ordinary Shares,Canada,Ontario
MANOF,MANOLETE PARTNERS PLC,Pink Limited,0.830000,0.092105,13000,Foreign Ordinary Shares,United Kingdom,
DNABW,GINKGO BIOWORKS HLDGS WTS,Pink Limited,0.003500,-0.078947,6293,Warrants,USA,Massachusetts
AISXF,AISIX SOLUTIONS INC,Pink Limited,0.008400,-0.056180,6000,Foreign Ordinary Shares,Canada,British Columbia
INPOY,INPOST S A UNSP/ADR,Pink Limited,8.925000,0.001684,78446,ADRs,Luxembourg,
BPAIF,BRANDPILOT AI INC,OTCQB,0.011100,-0.400000,8000,Foreign Ordinary Shares,Canada,Ontario
SCTH,SECURETECH INNOVATINS INC,OTCQB,3.750000,-0.062500,1525,Common Stock,USA,Minnesota
RADLF,RADIAL RESH CORP,Pink Limited,0.006300,-0.657609,1307,Foreign Ordinary Shares,Canada,British Columbia
FOACW,FINANCE OF AMERICA CO WTS,Pink Limited,0.001000,0.000000,5000,Warrants,USA,Texas
AGXXF,AGILYX ASA,OTCQX,1.580000,0.012821,200,Foreign Ordinary Shares,USA,New Hampshire
TSPH,CREATEAI HOLDINGS INC  A,OTCID,0.295000,-0.048387,202042,Common Stock,USA,California
KPGHF,KELLY PARTNERS GROUP HLDG,OTCQX,4.395000,-0.052802,12673,Foreign Ordinary Shares,Australia,New South Wales
HAMRF,SILVER HAMMER MNG CORP,Pink Limited,0.074000,-0.001350,326089,Foreign Ordinary Shares,Canada,British Columbia
DTCFF,DEFENCE THERAPEUTICS A,OTCQB,0.410000,-0.104021,2200,Foreign Ordinary Shares,Canada,Quebec
DIDIY,DIDI GLOBAL INC S/ADR,Pink Limited,4.420000,-0.006742,6148311,ADRs,,
ATHHF,AETHER CATALYST SOLUTIONS,OTCQB,0.022000,0.396825,140000,Foreign Ordinary Shares,Canada,British Columbia
AINMF,NETRAMARK HLDGS INC,OTCQB,0.726960,0.000633,4400,Foreign Ordinary Shares,Canada,Ontario
VIPZ,VIP PLAY INC,OTCQB,0.360000,-0.027027,281,Common Stock,USA,Nevada
THNCF,THINKIFIC LABS INC,Pink Limited,1.370000,-0.006094,250,Foreign Ordinary Shares,,
KARX,KARBON-X CORP,OTCQB,0.320000,-0.174194,500,Common Stock,USA,Texas
LEXTF,LEXSTON MINING CORP,OTCQB,0.053000,-0.171098,369666,Foreign Ordinary Shares,Canada,British Columbia
IMAQ,INTL MEDIA ACQ CORP A,Pink Limited,9.770000,0.002051,150,Common Stock,USA,Florida
MTWO,M2I GLOBAL INC,OTCQB,0.031000,0.000000,593901,Common Stock,USA,Nevada
ELMGF,ELEMENT79 GOLD CORP,OTCQB,0.018000,0.208054,3000,Foreign Ordinary Shares,Canada,British Columbia
HZEN,GRAYSCALE HORIZEN TR ZEN,OTCQX,0.700000,0.035809,211694,Common Stock,USA,Connecticut
MUSLF,PROMINO NTRITIONL SCIENCE,OTCID,0.018400,-0.365517,130128,Foreign Ordinary Shares,Canada,Ontario
NXHSF,NEXT HYDROGEN SOLUTIONS,OTCQB,0.455000,0.166667,11505,Foreign Ordinary Shares,Canada,Ontario
ROOOF,NORTHSTAR CLEAN TECHN INC,OTCQB,0.150040,0.014469,33700,Foreign Ordinary Shares,Canada,Alberta
ARLSF,ARGO GRAPHENE SOLUTIONS,OTCQB,0.509900,0.009024,18660,Foreign Ordinary Shares,Canada,British Columbia
PNXP,PINEAPPLE EXPRES CANNABIS,OTCID,0.001920,-0.005181,280000,Common Stock,USA,Georgia
SPTY,SPECIFICITY INC,OTCID,0.089650,-0.010486,2500,Common Stock,USA,Florida
NVLHF,NEVADA LITHIUM RESOURCES,OTCQB,0.120900,0.042241,84113,Foreign Ordinary Shares,Canada,British Columbia
INVLW,INNVENTURE WTS 29,Pink Limited,1.430000,-0.013793,100,Warrants,USA,Florida
IBOGF,UNIVERSAL IBOGAINE INC,Pink Limited,0.007000,0.021898,61300,Foreign Ordinary Shares,Canada,British Columbia
BGTTF,GOAT INDS LTD,OTCQB,0.213700,0.025432,100,Foreign Ordinary Shares,Canada,British Columbia
TERCF,TERRACOM LTD,Pink Limited,0.050000,0.020408,1399020,Foreign Ordinary Shares,,
ODOT,OSPREY POLKADOT TR UNIT,OTCQB,1.797500,0.302536,636,Other Security Type,USA,Florida
MRAI,MARPAI INC A,OTCQX,0.592600,0.014726,11054,Common Stock,USA,Florida
SONX,SONENDO INC,Pink Limited,0.190000,0.055556,1347,Common Stock,USA,California
FHELF,FIRST HELIUM INC,OTCQB,0.020295,0.009701,13215,Foreign Ordinary Shares,Canada,British Columbia
NOWVF,NOWVERTICAL GROUP SUB VTG,Pink Limited,0.179250,-0.004167,2000,Foreign Ordinary Shares,Canada,Ontario
MCLE,MEDICALE CORP,Pink Limited,0.026000,0.000000,4470,Common Stock,USA,Florida
HWAIF,HEALWELL AI INC A SUB VTG,OTCQX,0.456590,-0.026461,24255,Foreign Ordinary Shares,Canada,Ontario
RVRVF,PATHFINDER VENTURES INC,OTCQB,0.044300,0.118687,250,Foreign Ordinary Shares,Canada,British Columbia
EVTWF,VERTICAL AEROSPCE LTD WTS,Pink Limited,0.025300,-0.362720,16879,Warrants,United Kingdom,England
DTZNY,DOTZ NANO LTD S/ADR,OTCQB,2.455000,0.081498,1580,ADRs,Australia,Victoria
DTZZF,DOTZ NANO LTD,OTCQB,0.028000,0.021898,195600,Foreign Ordinary Shares,Australia,Victoria
UDOCF,UNIDOC HEALTH CORP,OTCQB,0.095000,-0.208333,35411,Foreign Ordinary Shares,Canada,British Columbia
DTLIF,D2L INC VTG SHS,Pink Limited,7.183500,-0.015959,5412,Foreign Ordinary Shares,,
NORSF,NORSK TITANIUM AS,OTCQX,0.096420,-0.137567,289289,Foreign Ordinary Shares,Norway,
TELIF,TELESCOPE INNOVATIONS CP,OTCQB,0.260000,0.052206,50092,Foreign Ordinary Shares,Canada,British Columbia
BCNWF,BITCOIN WELL INC,OTCQB,0.082800,0.160477,171973,Foreign Ordinary Shares,Canada,Alberta
TRLEF,TRILLION ENERGY INTL INC,OTCQB,0.016250,0.113014,63007,Foreign Ordinary Shares,Canada,British Columbia
MANA,GRAYSCALE DECENTRALAND TR,OTCQX,0.976000,0.301333,54655,Common Stock,USA,Connecticut
GLIV,GRAYSCALE LIVEPEER TR,OTCQB,2.080000,0.055838,260,Common Stock,USA,Connecticut
FILG,GRAYSCALE FILECOIN TR,OTCQB,1.429200,0.171475,33909,Common Stock,USA,Connecticut
GBAT,GRAYSCALE BSC ATTN TKN TR,OTCQB,0.847820,-0.003925,5195,Common Stock,USA,Connecticut
BIOE,BIO ESSENCE CORP,OTCQB,0.054400,0.066667,1000,Common Stock,USA,California
CBDW,1606 CORP,OTCID,0.000900,-0.100000,44824067,Common Stock,USA,Arizona
ARRKF,ARRAS MINERALS CORP,OTCQB,0.540000,-0.010853,3742,Foreign Ordinary Shares,Canada,British Columbia
BRQL,BROOQLY INC,OTCQB,0.362475,0.050957,1400,Common Stock,USA,Michigan
ESGH,ESG INC,OTCQB,4.690000,-0.034642,1685,Common Stock,USA,Pennsylvania
TRSO,TRANSUITE ORG INC,OTCQB,0.240000,0.245330,1000,Common Stock,USA,Nevada
OSOL,OSPREY SOLANA TRUST,OTCQX,2.146500,0.134514,47549,Other Security Type,USA,Florida
FRFLF,FRNT FINL INC,OTCQB,0.177900,-0.162824,100,Foreign Ordinary Shares,Canada,Ontario
HLNCF,HALEON PLC GBP1.25,Pink Limited,5.030000,-0.076217,2134,Foreign Ordinary Shares,USA,New York
DEFG,GRAYSCALE DEFI FUND LLC,OTCQB,7.590000,0.058577,770,Common Stock,USA,Connecticut
VMSSF,VORTEX METALS INC,OTCQB,0.032600,-0.126005,52189,Foreign Ordinary Shares,Canada,British Columbia
SPMEF,SOUTH PAC METALS CORP,OTCQB,0.350000,0.060285,512,Foreign Ordinary Shares,Canada,British Columbia
MILIF,MILITARY METALS CORP,OTCQB,0.310000,0.037636,163685,Foreign Ordinary Shares,Canada,British Columbia
AWMLF,AMERICAN WEST METALS LTD,OTCQB,0.040000,-0.111111,42367,Foreign Ordinary Shares,Australia,Western Australia
SUIAF,SUBSTRATE ARTIFICIAL INTL,Pink Limited,0.080000,0.088435,100,Common Stock,Spain,
NVPCF,NOVA PAC METALS CORP,OTCQB,0.037200,-0.191304,422800,Foreign Ordinary Shares,Canada,British Columbia
DRPRY,DR ING H C F PRSCHE U/ADR,Pink Limited,4.860000,0.001030,76167,ADRs,Germany,
CVOSF,COVEO SOLTINS INC SUB VTG,Pink Limited,4.250000,-0.009324,17481,Foreign Ordinary Shares,Canada,Quebec
CEIEF,COELACANTH ENERGY INC,Pink Limited,0.604100,-0.029558,2445,Foreign Ordinary Shares,Canada,Alberta
MTTAF,META CRITICAL MINERLS INC,OTCQB,0.098880,-0.164230,23935,Foreign Ordinary Shares,Canada,British Columbia
EPFCF,EVERYDAY PEOPLE FINL CORP,OTCQB,0.300900,-0.119918,7722,Foreign Ordinary Shares,Canada,Alberta
MCFNF,MCF ENERGY LTD,OTCQB,0.023895,0.057301,184323,Foreign Ordinary Shares,Canada,British Columbia
HLEO,HELIO CORPORATION,OTCID,1.950000,0.170293,86659,Common Stock,USA,California
TRRCF,TRIBECA RES CORP,OTCQB,0.154600,0.076977,11014,Foreign Ordinary Shares,Canada,British Columbia
HYTLF,HYTERRA LTD,OTCQB,0.012600,0.072340,50000,Foreign Ordinary Shares,Australia,Western Australia
GLTK,GLOBALTECH CORP,OTCID,1.310000,-0.036694,150,Common Stock,USA,Nevada
GENFF,GENFLOW BIOSCIENCES PLC,OTCQB,0.030000,0.000000,10000,Foreign Ordinary Shares,United Kingdom,England
DSFIY,DSM-FIRMENICH AG S/ADR,OTCQX,7.010000,-0.019580,212949,ADRs,Switzerland,
FCLIF,FULL CIRCLE LITHIUM CORP,OTCQB,0.220000,0.002438,5125,Foreign Ordinary Shares,Canada,Ontario
SGPTF,SAGE POTASH CORP,OTCQB,0.140000,0.068702,44500,Foreign Ordinary Shares,Canada,British Columbia
TRUBF,TRUECALLER AB SHARE AK B,Pink Limited,1.151000,-0.024576,1274,Foreign Ordinary Shares,Sweden,
TGGLF,TOGGLE3D AI INC,Pink Limited,0.018300,-0.036842,10190,Foreign Ordinary Shares,Canada,Ontario
CRBAF,AGEREH TECHNOLOGIES INC,OTCQB,0.074900,-0.050697,1000,Foreign Ordinary Shares,Canada,Alberta
BCCB,BEACH CITIES COMMERCAL BK,OTCQB,6.810000,0.049307,1400,Common Stock,USA,California
FDMIF,FOUNDERS METALS INC,OTCQX,3.270000,0.072131,47038,Foreign Ordinary Shares,Canada,British Columbia
VFORF,VERTICALSCOPE HLDGS INC,OTCQX,1.940000,0.023747,6300,Foreign Ordinary Shares,Canada,Ontario
GBMCF,GREEN BRDG METALS CORP,OTCQB,0.206050,-0.009375,655013,Foreign Ordinary Shares,Canada,British Columbia
EREUF,EUROPEAN RESDNTL R/E/I UT,Pink Limited,0.810900,-0.046785,768,Units,Canada,Ontario
PAUIF,PREMIER AMERICAN URANIUM,OTCQB,0.619200,0.003566,132363,Foreign Ordinary Shares,Canada,Ontario
SVUHF,SRIVARU HOLDING LTD,Pink Limited,0.012300,-0.533207,2201,Foreign Ordinary Shares,USA,Delaware
KBXFF,KOBREA EXPL CORP,OTCQB,0.426000,0.043095,24503,Foreign Ordinary Shares,Canada,British Columbia
VHAI,VOCODIA HLDGS CORP,Pink Limited,0.000100,0.000000,19714550,Common Stock,USA,Florida
NMHI,NATURE'S MIRACLE HLDG INC,OTCQB,0.004900,0.317204,8878811,Common Stock,USA,California
PUGBY,PUIG BRANDS S.A. U/ADS,Pink Limited,9.480000,-0.007330,1663,ADRs,Spain,
MTPLF,METAPLANET INC,OTCQX,2.090000,0.055556,4510656,Foreign Ordinary Shares,Japan,
GURFF,GLOBAL URANIUM CORP,OTCQB,0.098623,0.003082,37635,Foreign Ordinary Shares,Canada,Alberta
MIMDF,MIMEDIA HLDGS INC SUB VTG,OTCQB,0.202075,0.004349,35000,Foreign Ordinary Shares,USA,New York
BSKCF,BLUSKY CARBON INC,OTCQB,0.025600,-0.211094,8000,Foreign Ordinary Shares,Canada,British Columbia
ARLYF,ARGYLE RESOURCES CORP,OTCQB,0.092600,-0.002155,23189,Foreign Ordinary Shares,Canada,Alberta
RPBPF,RASPBERRY PI HLDGS PLC,Pink Limited,5.560000,-0.095935,12055,Foreign Ordinary Shares,United Kingdom,England
NKGFF,NEVADA KING GOLD CORP NEW,OTCQB,0.177100,0.038101,258961,Foreign Ordinary Shares,Canada,British Columbia
MECPF,MUSTANG ENERGY CORP,OTCQB,0.050365,-0.146356,3006,Foreign Ordinary Shares,Canada,British Columbia
GSTRF,GLENSTAR MINERALS INC,OTCQB,0.169900,0.013602,20336,Foreign Ordinary Shares,Canada,British Columbia
MMETF,MIATA METALS CORP,OTCQX,0.402400,0.032324,14399,Foreign Ordinary Shares,Canada,British Columbia
RMXI,RMX INDUSTRIES A,OTCQB,1.950000,0.000000,551,Common Stock,USA,Texas
CNVIF,CONAVI MED CORP,OTCQB,0.270250,-0.012172,6513,Foreign Ordinary Shares,Canada,Ontario
ICLTF,GREENFIRST FOREST PRD NEW,Pink Limited,2.000000,0.000000,16643,Foreign Ordinary Shares,Canada,Ontario
ITGLF,INTEGRAL METALS CORP,OTCQB,0.376100,0.008852,1639,Foreign Ordinary Shares,Canada,Alberta
CZZLF,CIZZLE BRANDS CORP,OTCQB,0.268000,0.000000,300,Foreign Ordinary Shares,Canada,Ontario
MATAF,MATADOR TECHNOLOGIES INC,OTCQB,0.089105,-0.016501,52329,Foreign Ordinary Shares,Canada,Ontario
NXTDF,NEXTGEN DIGITAL PLATFORMS,OTCQB,0.103400,-0.174781,52301,Foreign Ordinary Shares,Canada,New Brunswick
OHCFF,LIGHT AI INC,OTCQB,0.079800,0.221678,53497,Foreign Ordinary Shares,Canada,British Columbia
